Driver,DriverNumber,LapNumber,LapTime,Stint,Compound,TyreLife,PitInTime,PitOutTime,Sector1Time,Sector2Time,Sector3Time,Position,TrackStatus,IsAccurate
ALB,23,5.0,0 days 00:01:20.465000,1.0,MEDIUM,9.0,,,0 days 00:00:21.014000,0 days 00:00:38.074000,0 days 00:00:21.377000,10.0,1,True
ALB,23,6.0,0 days 00:01:21.426000,1.0,MEDIUM,10.0,,,0 days 00:00:21.354000,0 days 00:00:38.432000,0 days 00:00:21.640000,10.0,1,True
ALB,23,7.0,0 days 00:01:21.287000,1.0,MEDIUM,11.0,,,0 days 00:00:21.272000,0 days 00:00:38.715000,0 days 00:00:21.300000,10.0,1,True
ALB,23,8.0,0 days 00:01:20.471000,1.0,MEDIUM,12.0,,,0 days 00:00:21.348000,0 days 00:00:37.673000,0 days 00:00:21.450000,10.0,12,True
ALB,23,9.0,0 days 00:01:24.151000,1.0,MEDIUM,13.0,,,0 days 00:00:21.405000,0 days 00:00:40.877000,0 days 00:00:21.869000,10.0,2,True
ALB,23,10.0,0 days 00:01:21.528000,1.0,MEDIUM,14.0,,,0 days 00:00:21.435000,0 days 00:00:38.773000,0 days 00:00:21.320000,10.0,2,True
ALB,23,11.0,0 days 00:01:19.447000,1.0,MEDIUM,15.0,,,0 days 00:00:21.057000,0 days 00:00:37.217000,0 days 00:00:21.173000,10.0,21,True
ALB,23,12.0,0 days 00:01:19.660000,1.0,MEDIUM,16.0,,,0 days 00:00:21.127000,0 days 00:00:37.603000,0 days 00:00:20.930000,10.0,1,True
ALB,23,13.0,0 days 00:01:19.244000,1.0,MEDIUM,17.0,,,0 days 00:00:21.144000,0 days 00:00:37.200000,0 days 00:00:20.900000,10.0,1,True
ALB,23,14.0,0 days 00:01:19.817000,1.0,MEDIUM,18.0,,,0 days 00:00:21.334000,0 days 00:00:37.341000,0 days 00:00:21.142000,10.0,1,True
ALB,23,15.0,0 days 00:01:20.143000,1.0,MEDIUM,19.0,,,0 days 00:00:20.872000,0 days 00:00:37.708000,0 days 00:00:21.563000,10.0,1,True
ALB,23,16.0,0 days 00:01:20.692000,1.0,MEDIUM,20.0,,,0 days 00:00:21.145000,0 days 00:00:38.161000,0 days 00:00:21.386000,10.0,1,True
ALB,23,17.0,0 days 00:01:20.978000,1.0,MEDIUM,21.0,,,0 days 00:00:21.574000,0 days 00:00:38.014000,0 days 00:00:21.390000,10.0,1,True
ALB,23,18.0,0 days 00:01:20.235000,1.0,MEDIUM,22.0,,,0 days 00:00:21.198000,0 days 00:00:37.628000,0 days 00:00:21.409000,10.0,1,True
ALB,23,19.0,0 days 00:01:19.279000,1.0,MEDIUM,23.0,,,0 days 00:00:21.045000,0 days 00:00:37.003000,0 days 00:00:21.231000,10.0,1,True
ALB,23,20.0,0 days 00:01:17.928000,1.0,MEDIUM,24.0,,,0 days 00:00:20.723000,0 days 00:00:36.668000,0 days 00:00:20.537000,10.0,1,True
ALB,23,21.0,0 days 00:01:17.096000,1.0,MEDIUM,25.0,,,0 days 00:00:20.289000,0 days 00:00:36.265000,0 days 00:00:20.542000,10.0,1,True
ALB,23,22.0,0 days 00:01:17.001000,1.0,MEDIUM,26.0,,,0 days 00:00:20.270000,0 days 00:00:36.252000,0 days 00:00:20.479000,10.0,1,True
ALB,23,23.0,0 days 00:01:16.556000,1.0,MEDIUM,27.0,,,0 days 00:00:20.223000,0 days 00:00:36.046000,0 days 00:00:20.287000,10.0,1,True
ALB,23,24.0,0 days 00:01:16.954000,1.0,MEDIUM,28.0,,,0 days 00:00:20.329000,0 days 00:00:36.173000,0 days 00:00:20.452000,10.0,1,True
ALB,23,25.0,0 days 00:01:17.653000,1.0,MEDIUM,29.0,,,0 days 00:00:20.319000,0 days 00:00:36.620000,0 days 00:00:20.714000,10.0,1,True
ALB,23,26.0,0 days 00:01:17.264000,1.0,MEDIUM,30.0,,,0 days 00:00:20.321000,0 days 00:00:36.319000,0 days 00:00:20.624000,10.0,1,True
ALB,23,27.0,0 days 00:01:17.185000,1.0,MEDIUM,31.0,,,0 days 00:00:20.491000,0 days 00:00:36.250000,0 days 00:00:20.444000,10.0,1,True
ALB,23,28.0,0 days 00:01:16.701000,1.0,MEDIUM,32.0,,,0 days 00:00:20.151000,0 days 00:00:36.150000,0 days 00:00:20.400000,9.0,1,True
ALB,23,29.0,0 days 00:01:16.969000,1.0,MEDIUM,33.0,,,0 days 00:00:20.264000,0 days 00:00:36.280000,0 days 00:00:20.425000,9.0,1,True
ALB,23,30.0,0 days 00:01:16.888000,1.0,MEDIUM,34.0,,,0 days 00:00:20.317000,0 days 00:00:36.201000,0 days 00:00:20.370000,9.0,1,True
ALB,23,31.0,0 days 00:01:16.870000,1.0,MEDIUM,35.0,,,0 days 00:00:20.215000,0 days 00:00:36.160000,0 days 00:00:20.495000,8.0,1,True
ALB,23,34.0,0 days 00:01:20.232000,2.0,MEDIUM,10.0,,,0 days 00:00:21.639000,0 days 00:00:38.239000,0 days 00:00:20.354000,10.0,1,True
ALB,23,35.0,0 days 00:01:16.381000,2.0,MEDIUM,11.0,,,0 days 00:00:20.045000,0 days 00:00:35.979000,0 days 00:00:20.357000,10.0,1,True
ALB,23,36.0,0 days 00:01:16.185000,2.0,MEDIUM,12.0,,,0 days 00:00:20.043000,0 days 00:00:35.854000,0 days 00:00:20.288000,10.0,1,True
ALB,23,37.0,0 days 00:01:16.153000,2.0,MEDIUM,13.0,,,0 days 00:00:20.065000,0 days 00:00:35.843000,0 days 00:00:20.245000,9.0,12,True
ALB,23,38.0,0 days 00:01:15.529000,2.0,MEDIUM,14.0,,,0 days 00:00:19.849000,0 days 00:00:35.636000,0 days 00:00:20.044000,9.0,1,True
ALB,23,39.0,0 days 00:01:15.303000,2.0,MEDIUM,15.0,,,0 days 00:00:19.878000,0 days 00:00:35.511000,0 days 00:00:19.914000,9.0,1,True
ALB,23,42.0,0 days 00:01:18.819000,3.0,HARD,2.0,,,0 days 00:00:20.163000,0 days 00:00:38.224000,0 days 00:00:20.432000,10.0,1,True
ALB,23,43.0,0 days 00:01:18.638000,3.0,HARD,3.0,,,0 days 00:00:20.484000,0 days 00:00:37.232000,0 days 00:00:20.922000,10.0,1,True
ALB,23,44.0,0 days 00:01:19.225000,3.0,HARD,4.0,,,0 days 00:00:20.384000,0 days 00:00:37.633000,0 days 00:00:21.208000,10.0,1,True
ALB,23,45.0,0 days 00:01:19.224000,3.0,HARD,5.0,,,0 days 00:00:20.454000,0 days 00:00:37.614000,0 days 00:00:21.156000,10.0,1,True
ALB,23,46.0,0 days 00:01:19.332000,3.0,HARD,6.0,,,0 days 00:00:20.746000,0 days 00:00:37.549000,0 days 00:00:21.037000,10.0,1,True
ALB,23,47.0,0 days 00:01:19.173000,3.0,HARD,7.0,,,0 days 00:00:20.762000,0 days 00:00:37.595000,0 days 00:00:20.816000,10.0,1,True
ALB,23,48.0,0 days 00:01:20.193000,3.0,HARD,8.0,,,0 days 00:00:21.133000,0 days 00:00:38.049000,0 days 00:00:21.011000,11.0,1,True
ALB,23,49.0,0 days 00:01:18.234000,3.0,HARD,9.0,,,0 days 00:00:20.281000,0 days 00:00:37.284000,0 days 00:00:20.669000,11.0,1,True
ALB,23,50.0,0 days 00:01:19.166000,3.0,HARD,10.0,,,0 days 00:00:20.683000,0 days 00:00:37.742000,0 days 00:00:20.741000,11.0,1,True
ALB,23,51.0,0 days 00:01:19.828000,3.0,HARD,11.0,,,0 days 00:00:20.371000,0 days 00:00:38.125000,0 days 00:00:21.332000,11.0,1,True
ALB,23,52.0,0 days 00:01:20.130000,3.0,HARD,12.0,,,0 days 00:00:21.241000,0 days 00:00:37.434000,0 days 00:00:21.455000,11.0,1,True
ALB,23,53.0,0 days 00:01:19.403000,3.0,HARD,13.0,,,0 days 00:00:20.534000,0 days 00:00:38.232000,0 days 00:00:20.637000,11.0,1,True
ALB,23,54.0,0 days 00:01:17.389000,3.0,HARD,14.0,,,0 days 00:00:20.284000,0 days 00:00:36.770000,0 days 00:00:20.335000,11.0,1,True
ALB,23,55.0,0 days 00:01:17.086000,3.0,HARD,15.0,,,0 days 00:00:19.954000,0 days 00:00:36.167000,0 days 00:00:20.965000,11.0,1,True
ALB,23,56.0,0 days 00:01:19.159000,3.0,HARD,16.0,,,0 days 00:00:20.769000,0 days 00:00:37.237000,0 days 00:00:21.153000,11.0,1,True
ALB,23,57.0,0 days 00:01:16.136000,3.0,HARD,17.0,,,0 days 00:00:20.201000,0 days 00:00:35.774000,0 days 00:00:20.161000,11.0,1,True
ALB,23,58.0,0 days 00:01:15.795000,3.0,HARD,18.0,,,0 days 00:00:19.882000,0 days 00:00:35.922000,0 days 00:00:19.991000,11.0,1,True
ALB,23,59.0,0 days 00:01:15.509000,3.0,HARD,19.0,,,0 days 00:00:19.804000,0 days 00:00:35.693000,0 days 00:00:20.012000,11.0,1,True
ALB,23,60.0,0 days 00:01:15.726000,3.0,HARD,20.0,,,0 days 00:00:19.751000,0 days 00:00:35.816000,0 days 00:00:20.159000,11.0,1,True
ALB,23,61.0,0 days 00:01:16.046000,3.0,HARD,21.0,,,0 days 00:00:19.846000,0 days 00:00:36.049000,0 days 00:00:20.151000,11.0,1,True
ALB,23,62.0,0 days 00:01:16.370000,3.0,HARD,22.0,,,0 days 00:00:19.869000,0 days 00:00:36.111000,0 days 00:00:20.390000,10.0,1,True
ALB,23,63.0,0 days 00:01:15.082000,3.0,HARD,23.0,,,0 days 00:00:19.698000,0 days 00:00:35.392000,0 days 00:00:19.992000,10.0,1,True
ALB,23,64.0,0 days 00:01:16.228000,3.0,HARD,24.0,,,0 days 00:00:19.935000,0 days 00:00:36.166000,0 days 00:00:20.127000,9.0,1,True
ALB,23,65.0,0 days 00:01:15.156000,3.0,HARD,25.0,,,0 days 00:00:19.780000,0 days 00:00:35.529000,0 days 00:00:19.847000,9.0,1,True
ALB,23,66.0,0 days 00:01:14.870000,3.0,HARD,26.0,,,0 days 00:00:19.750000,0 days 00:00:35.383000,0 days 00:00:19.737000,9.0,1,True
ALB,23,67.0,0 days 00:01:14.928000,3.0,HARD,27.0,,,0 days 00:00:19.653000,0 days 00:00:35.443000,0 days 00:00:19.832000,9.0,1,True
ALB,23,68.0,0 days 00:01:14.885000,3.0,HARD,28.0,,,0 days 00:00:19.623000,0 days 00:00:35.498000,0 days 00:00:19.764000,9.0,1,True
ALB,23,69.0,0 days 00:01:16.790000,3.0,HARD,29.0,,,0 days 00:00:19.819000,0 days 00:00:36.448000,0 days 00:00:20.523000,9.0,1,True
ALB,23,70.0,0 days 00:01:16.010000,3.0,HARD,30.0,,,0 days 00:00:20.001000,0 days 00:00:35.800000,0 days 00:00:20.209000,9.0,1,True
ALB,23,71.0,0 days 00:01:15.751000,3.0,HARD,31.0,,,0 days 00:00:19.777000,0 days 00:00:35.793000,0 days 00:00:20.181000,9.0,1,True
ALB,23,72.0,0 days 00:01:15.870000,3.0,HARD,32.0,,,0 days 00:00:19.934000,0 days 00:00:35.768000,0 days 00:00:20.168000,9.0,1,True
ALB,23,73.0,0 days 00:01:15.150000,3.0,HARD,33.0,,,0 days 00:00:19.815000,0 days 00:00:35.545000,0 days 00:00:19.790000,9.0,1,True
ALB,23,74.0,0 days 00:01:14.597000,3.0,HARD,34.0,,,0 days 00:00:19.592000,0 days 00:00:35.332000,0 days 00:00:19.673000,9.0,1,True
ALB,23,75.0,0 days 00:01:14.600000,3.0,HARD,35.0,,,0 days 00:00:19.565000,0 days 00:00:35.364000,0 days 00:00:19.671000,9.0,1,True
ALB,23,76.0,0 days 00:01:14.776000,3.0,HARD,36.0,,,0 days 00:00:19.564000,0 days 00:00:35.374000,0 days 00:00:19.838000,9.0,1,True
ALO,14,5.0,0 days 00:01:20.940000,1.0,HARD,6.0,,,0 days 00:00:21.215000,0 days 00:00:38.446000,0 days 00:00:21.279000,6.0,1,True
ALO,14,6.0,0 days 00:01:20.424000,1.0,HARD,7.0,,,0 days 00:00:21.360000,0 days 00:00:38.050000,0 days 00:00:21.014000,6.0,1,True
ALO,14,7.0,0 days 00:01:20.222000,1.0,HARD,8.0,,,0 days 00:00:21.210000,0 days 00:00:37.915000,0 days 00:00:21.097000,6.0,1,True
ALO,14,8.0,0 days 00:01:19.105000,1.0,HARD,9.0,,,0 days 00:00:20.807000,0 days 00:00:37.418000,0 days 00:00:20.880000,6.0,12,True
ALO,14,9.0,0 days 00:01:22.183000,1.0,HARD,10.0,,,0 days 00:00:20.318000,0 days 00:00:40.954000,0 days 00:00:20.911000,6.0,2,True
ALO,14,10.0,0 days 00:01:20.167000,1.0,HARD,11.0,,,0 days 00:00:20.298000,0 days 00:00:39.123000,0 days 00:00:20.746000,6.0,2,True
ALO,14,11.0,0 days 00:01:17.469000,1.0,HARD,12.0,,,0 days 00:00:20.465000,0 days 00:00:36.583000,0 days 00:00:20.421000,6.0,21,True
ALO,14,12.0,0 days 00:01:17.319000,1.0,HARD,13.0,,,0 days 00:00:20.378000,0 days 00:00:36.539000,0 days 00:00:20.402000,6.0,1,True
ALO,14,13.0,0 days 00:01:16.411000,1.0,HARD,14.0,,,0 days 00:00:20.107000,0 days 00:00:36.105000,0 days 00:00:20.199000,6.0,1,True
ALO,14,14.0,0 days 00:01:16.295000,1.0,HARD,15.0,,,0 days 00:00:20.050000,0 days 00:00:35.994000,0 days 00:00:20.251000,5.0,1,True
ALO,14,15.0,0 days 00:01:15.593000,1.0,HARD,16.0,,,0 days 00:00:19.849000,0 days 00:00:35.665000,0 days 00:00:20.079000,5.0,1,True
ALO,14,18.0,0 days 00:01:16.840000,2.0,HARD,3.0,,,0 days 00:00:20.136000,0 days 00:00:36.258000,0 days 00:00:20.446000,7.0,1,True
ALO,14,19.0,0 days 00:01:17.226000,2.0,HARD,4.0,,,0 days 00:00:20.330000,0 days 00:00:36.465000,0 days 00:00:20.431000,6.0,1,True
ALO,14,20.0,0 days 00:01:17.267000,2.0,HARD,5.0,,,0 days 00:00:20.228000,0 days 00:00:36.520000,0 days 00:00:20.519000,6.0,1,True
ALO,14,21.0,0 days 00:01:17.921000,2.0,HARD,6.0,,,0 days 00:00:20.283000,0 days 00:00:36.918000,0 days 00:00:20.720000,6.0,1,True
ALO,14,22.0,0 days 00:01:18.938000,2.0,HARD,7.0,,,0 days 00:00:20.880000,0 days 00:00:37.036000,0 days 00:00:21.022000,6.0,1,True
ALO,14,23.0,0 days 00:01:17.947000,2.0,HARD,8.0,,,0 days 00:00:20.610000,0 days 00:00:36.735000,0 days 00:00:20.602000,6.0,1,True
ALO,14,24.0,0 days 00:01:17.748000,2.0,HARD,9.0,,,0 days 00:00:20.681000,0 days 00:00:36.586000,0 days 00:00:20.481000,6.0,1,True
ALO,14,25.0,0 days 00:01:17.685000,2.0,HARD,10.0,,,0 days 00:00:20.514000,0 days 00:00:36.740000,0 days 00:00:20.431000,6.0,1,True
ALO,14,26.0,0 days 00:01:16.293000,2.0,HARD,11.0,,,0 days 00:00:19.940000,0 days 00:00:36.112000,0 days 00:00:20.241000,6.0,1,True
ALO,14,27.0,0 days 00:01:16.744000,2.0,HARD,12.0,,,0 days 00:00:20.041000,0 days 00:00:36.452000,0 days 00:00:20.251000,6.0,1,True
ALO,14,28.0,0 days 00:01:16.414000,2.0,HARD,13.0,,,0 days 00:00:20.113000,0 days 00:00:36.177000,0 days 00:00:20.124000,6.0,1,True
ALO,14,29.0,0 days 00:01:16.279000,2.0,HARD,14.0,,,0 days 00:00:20.058000,0 days 00:00:36.094000,0 days 00:00:20.127000,6.0,1,True
ALO,14,30.0,0 days 00:01:17.307000,2.0,HARD,15.0,,,0 days 00:00:20.460000,0 days 00:00:36.170000,0 days 00:00:20.677000,6.0,1,True
ALO,14,31.0,0 days 00:01:16.142000,2.0,HARD,16.0,,,0 days 00:00:20.187000,0 days 00:00:35.973000,0 days 00:00:19.982000,6.0,1,True
ALO,14,32.0,0 days 00:01:16.088000,2.0,HARD,17.0,,,0 days 00:00:19.874000,0 days 00:00:35.834000,0 days 00:00:20.380000,6.0,1,True
ALO,14,33.0,0 days 00:01:15.823000,2.0,HARD,18.0,,,0 days 00:00:19.827000,0 days 00:00:35.918000,0 days 00:00:20.078000,6.0,1,True
ALO,14,34.0,0 days 00:01:17.347000,2.0,HARD,19.0,,,0 days 00:00:21.152000,0 days 00:00:36.128000,0 days 00:00:20.067000,6.0,1,True
ALO,14,35.0,0 days 00:01:16.024000,2.0,HARD,20.0,,,0 days 00:00:19.912000,0 days 00:00:35.979000,0 days 00:00:20.133000,6.0,1,True
ALO,14,36.0,0 days 00:01:16.200000,2.0,HARD,21.0,,,0 days 00:00:19.973000,0 days 00:00:36.032000,0 days 00:00:20.195000,6.0,1,True
ANT,12,5.0,0 days 00:01:20.377000,1.0,HARD,5.0,,,0 days 00:00:21.314000,0 days 00:00:37.578000,0 days 00:00:21.485000,14.0,1,True
ANT,12,6.0,0 days 00:01:20.757000,1.0,HARD,6.0,,,0 days 00:00:21.476000,0 days 00:00:37.739000,0 days 00:00:21.542000,14.0,1,True
ANT,12,7.0,0 days 00:01:21.194000,1.0,HARD,7.0,,,0 days 00:00:21.573000,0 days 00:00:37.746000,0 days 00:00:21.875000,14.0,1,True
ANT,12,8.0,0 days 00:01:20.877000,1.0,HARD,8.0,,,0 days 00:00:21.393000,0 days 00:00:37.795000,0 days 00:00:21.689000,14.0,12,True
ANT,12,9.0,0 days 00:01:23.326000,1.0,HARD,9.0,,,0 days 00:00:20.970000,0 days 00:00:40.050000,0 days 00:00:22.306000,14.0,2,True
ANT,12,10.0,0 days 00:01:21.523000,1.0,HARD,10.0,,,0 days 00:00:21.258000,0 days 00:00:38.634000,0 days 00:00:21.631000,14.0,2,True
ANT,12,11.0,0 days 00:01:19.894000,1.0,HARD,11.0,,,0 days 00:00:21.213000,0 days 00:00:37.509000,0 days 00:00:21.172000,14.0,21,True
ANT,12,12.0,0 days 00:01:19.788000,1.0,HARD,12.0,,,0 days 00:00:20.978000,0 days 00:00:37.394000,0 days 00:00:21.416000,13.0,1,True
ANT,12,13.0,0 days 00:01:18.868000,1.0,HARD,13.0,,,0 days 00:00:20.856000,0 days 00:00:36.970000,0 days 00:00:21.042000,13.0,1,True
ANT,12,14.0,0 days 00:01:19.075000,1.0,HARD,14.0,,,0 days 00:00:20.941000,0 days 00:00:37.250000,0 days 00:00:20.884000,13.0,1,True
ANT,12,15.0,0 days 00:01:19.858000,1.0,HARD,15.0,,,0 days 00:00:21.196000,0 days 00:00:37.149000,0 days 00:00:21.513000,13.0,1,True
ANT,12,16.0,0 days 00:01:20.745000,1.0,HARD,16.0,,,0 days 00:00:21.282000,0 days 00:00:37.630000,0 days 00:00:21.833000,13.0,1,True
ANT,12,17.0,0 days 00:01:21.182000,1.0,HARD,17.0,,,0 days 00:00:21.379000,0 days 00:00:38.201000,0 days 00:00:21.602000,13.0,1,True
ANT,12,18.0,0 days 00:01:20.136000,1.0,HARD,18.0,,,0 days 00:00:21.209000,0 days 00:00:37.516000,0 days 00:00:21.411000,13.0,1,True
ANT,12,19.0,0 days 00:01:19.624000,1.0,HARD,19.0,,,0 days 00:00:21.185000,0 days 00:00:37.413000,0 days 00:00:21.026000,13.0,1,True
ANT,12,20.0,0 days 00:01:18.842000,1.0,HARD,20.0,,,0 days 00:00:21.039000,0 days 00:00:37.139000,0 days 00:00:20.664000,13.0,1,True
ANT,12,21.0,0 days 00:01:17.914000,1.0,HARD,21.0,,,0 days 00:00:20.697000,0 days 00:00:36.624000,0 days 00:00:20.593000,13.0,1,True
ANT,12,22.0,0 days 00:01:17.273000,1.0,HARD,22.0,,,0 days 00:00:20.267000,0 days 00:00:36.522000,0 days 00:00:20.484000,13.0,1,True
ANT,12,23.0,0 days 00:01:16.973000,1.0,HARD,23.0,,,0 days 00:00:20.207000,0 days 00:00:36.409000,0 days 00:00:20.357000,13.0,1,True
ANT,12,24.0,0 days 00:01:16.939000,1.0,HARD,24.0,,,0 days 00:00:20.121000,0 days 00:00:36.475000,0 days 00:00:20.343000,13.0,1,True
ANT,12,25.0,0 days 00:01:18.777000,1.0,HARD,25.0,,,0 days 00:00:20.214000,0 days 00:00:37.279000,0 days 00:00:21.284000,13.0,1,True
ANT,12,26.0,0 days 00:01:19.479000,1.0,HARD,26.0,,,0 days 00:00:20.996000,0 days 00:00:37.076000,0 days 00:00:21.407000,13.0,1,True
ANT,12,27.0,0 days 00:01:19.446000,1.0,HARD,27.0,,,0 days 00:00:20.948000,0 days 00:00:37.236000,0 days 00:00:21.262000,13.0,1,True
ANT,12,28.0,0 days 00:01:19.910000,1.0,HARD,28.0,,,0 days 00:00:21.114000,0 days 00:00:37.371000,0 days 00:00:21.425000,13.0,1,True
ANT,12,29.0,0 days 00:01:19.074000,1.0,HARD,29.0,,,0 days 00:00:20.758000,0 days 00:00:37.135000,0 days 00:00:21.181000,13.0,1,True
ANT,12,30.0,0 days 00:01:20.406000,1.0,HARD,30.0,,,0 days 00:00:20.671000,0 days 00:00:38.489000,0 days 00:00:21.246000,13.0,1,True
ANT,12,31.0,0 days 00:01:19.809000,1.0,HARD,31.0,,,0 days 00:00:20.787000,0 days 00:00:38.307000,0 days 00:00:20.715000,13.0,1,True
ANT,12,32.0,0 days 00:01:19.689000,1.0,HARD,32.0,,,0 days 00:00:20.573000,0 days 00:00:38.474000,0 days 00:00:20.642000,13.0,1,True
ANT,12,33.0,0 days 00:01:19.344000,1.0,HARD,33.0,,,0 days 00:00:21.751000,0 days 00:00:36.692000,0 days 00:00:20.901000,13.0,1,True
ANT,12,34.0,0 days 00:01:18.763000,1.0,HARD,34.0,,,0 days 00:00:20.539000,0 days 00:00:37.141000,0 days 00:00:21.083000,13.0,1,True
ANT,12,35.0,0 days 00:01:19.458000,1.0,HARD,35.0,,,0 days 00:00:20.790000,0 days 00:00:37.287000,0 days 00:00:21.381000,13.0,1,True
ANT,12,36.0,0 days 00:01:19.869000,1.0,HARD,36.0,,,0 days 00:00:21.743000,0 days 00:00:37.315000,0 days 00:00:20.811000,13.0,1,True
ANT,12,37.0,0 days 00:01:18.870000,1.0,HARD,37.0,,,0 days 00:00:20.664000,0 days 00:00:37.192000,0 days 00:00:21.014000,12.0,12,True
ANT,12,38.0,0 days 00:01:18.381000,1.0,HARD,38.0,,,0 days 00:00:20.420000,0 days 00:00:36.824000,0 days 00:00:21.137000,12.0,1,True
ANT,12,39.0,0 days 00:01:18.721000,1.0,HARD,39.0,,,0 days 00:00:20.541000,0 days 00:00:37.138000,0 days 00:00:21.042000,12.0,1,True
ANT,12,40.0,0 days 00:01:18.950000,1.0,HARD,40.0,,,0 days 00:00:20.619000,0 days 00:00:36.977000,0 days 00:00:21.354000,12.0,1,True
ANT,12,41.0,0 days 00:01:18.060000,1.0,HARD,41.0,,,0 days 00:00:20.508000,0 days 00:00:37.053000,0 days 00:00:20.499000,12.0,1,True
ANT,12,42.0,0 days 00:01:17.120000,1.0,HARD,42.0,,,0 days 00:00:19.908000,0 days 00:00:36.563000,0 days 00:00:20.649000,12.0,1,True
ANT,12,43.0,0 days 00:01:18.310000,1.0,HARD,43.0,,,0 days 00:00:20.302000,0 days 00:00:37.134000,0 days 00:00:20.874000,12.0,1,True
ANT,12,44.0,0 days 00:01:18.885000,1.0,HARD,44.0,,,0 days 00:00:20.499000,0 days 00:00:37.336000,0 days 00:00:21.050000,12.0,1,True
ANT,12,45.0,0 days 00:01:19.251000,1.0,HARD,45.0,,,0 days 00:00:20.606000,0 days 00:00:37.764000,0 days 00:00:20.881000,12.0,1,True
ANT,12,46.0,0 days 00:01:19.265000,1.0,HARD,46.0,,,0 days 00:00:20.771000,0 days 00:00:37.538000,0 days 00:00:20.956000,12.0,1,True
ANT,12,47.0,0 days 00:01:20.131000,1.0,HARD,47.0,,,0 days 00:00:20.815000,0 days 00:00:37.708000,0 days 00:00:21.608000,12.0,1,True
ANT,12,48.0,0 days 00:01:18.844000,1.0,HARD,48.0,,,0 days 00:00:20.868000,0 days 00:00:37.126000,0 days 00:00:20.850000,12.0,1,True
ANT,12,49.0,0 days 00:01:18.328000,1.0,HARD,49.0,,,0 days 00:00:20.305000,0 days 00:00:37.143000,0 days 00:00:20.880000,12.0,1,True
ANT,12,50.0,0 days 00:01:19.093000,1.0,HARD,50.0,,,0 days 00:00:20.512000,0 days 00:00:37.647000,0 days 00:00:20.934000,12.0,1,True
ANT,12,51.0,0 days 00:01:20.341000,1.0,HARD,51.0,,,0 days 00:00:20.229000,0 days 00:00:37.040000,0 days 00:00:23.072000,12.0,1,True
ANT,12,52.0,0 days 00:01:21.962000,1.0,HARD,52.0,,,0 days 00:00:20.907000,0 days 00:00:38.990000,0 days 00:00:22.065000,12.0,1,True
ANT,12,53.0,0 days 00:01:19.263000,1.0,HARD,53.0,,,0 days 00:00:20.832000,0 days 00:00:37.707000,0 days 00:00:20.724000,12.0,1,True
ANT,12,54.0,0 days 00:01:19.603000,1.0,HARD,54.0,,,0 days 00:00:20.688000,0 days 00:00:38.191000,0 days 00:00:20.724000,12.0,1,True
ANT,12,55.0,0 days 00:01:18.966000,1.0,HARD,55.0,,,0 days 00:00:20.677000,0 days 00:00:37.527000,0 days 00:00:20.762000,12.0,1,True
ANT,12,56.0,0 days 00:01:18.296000,1.0,HARD,56.0,,,0 days 00:00:20.473000,0 days 00:00:37.243000,0 days 00:00:20.580000,12.0,1,True
ANT,12,57.0,0 days 00:01:18.511000,1.0,HARD,57.0,,,0 days 00:00:20.627000,0 days 00:00:37.248000,0 days 00:00:20.636000,12.0,1,True
ANT,12,58.0,0 days 00:01:18.393000,1.0,HARD,58.0,,,0 days 00:00:20.159000,0 days 00:00:37.398000,0 days 00:00:20.836000,12.0,1,True
ANT,12,59.0,0 days 00:01:19.056000,1.0,HARD,59.0,,,0 days 00:00:20.727000,0 days 00:00:37.674000,0 days 00:00:20.655000,12.0,1,True
ANT,12,60.0,0 days 00:01:18.697000,1.0,HARD,60.0,,,0 days 00:00:20.506000,0 days 00:00:37.512000,0 days 00:00:20.679000,12.0,1,True
ANT,12,61.0,0 days 00:01:18.590000,1.0,HARD,61.0,,,0 days 00:00:20.360000,0 days 00:00:37.429000,0 days 00:00:20.801000,12.0,1,True
ANT,12,62.0,0 days 00:01:18.448000,1.0,HARD,62.0,,,0 days 00:00:20.225000,0 days 00:00:37.461000,0 days 00:00:20.762000,12.0,1,True
ANT,12,63.0,0 days 00:01:18.884000,1.0,HARD,63.0,,,0 days 00:00:20.595000,0 days 00:00:37.367000,0 days 00:00:20.922000,12.0,1,True
ANT,12,64.0,0 days 00:01:18.457000,1.0,HARD,64.0,,,0 days 00:00:20.502000,0 days 00:00:37.262000,0 days 00:00:20.693000,12.0,1,True
ANT,12,65.0,0 days 00:01:17.696000,1.0,HARD,65.0,,,0 days 00:00:19.753000,0 days 00:00:37.437000,0 days 00:00:20.506000,12.0,1,True
ANT,12,66.0,0 days 00:01:17.398000,1.0,HARD,66.0,,,0 days 00:00:20.053000,0 days 00:00:37.230000,0 days 00:00:20.115000,12.0,1,True
ANT,12,67.0,0 days 00:01:15.551000,1.0,HARD,67.0,,,0 days 00:00:19.626000,0 days 00:00:36.005000,0 days 00:00:19.920000,12.0,1,True
ANT,12,68.0,0 days 00:01:15.019000,1.0,HARD,68.0,,,0 days 00:00:19.471000,0 days 00:00:35.837000,0 days 00:00:19.711000,12.0,1,True
ANT,12,73.0,0 days 00:01:13.651000,3.0,HARD,2.0,,,0 days 00:00:19.330000,0 days 00:00:34.832000,0 days 00:00:19.489000,18.0,1,True
ANT,12,74.0,0 days 00:01:13.518000,3.0,HARD,3.0,,,0 days 00:00:19.187000,0 days 00:00:34.864000,0 days 00:00:19.467000,18.0,1,True
ANT,12,75.0,0 days 00:01:14.834000,3.0,HARD,4.0,,,0 days 00:00:19.390000,0 days 00:00:35.555000,0 days 00:00:19.889000,18.0,1,True
BEA,87,5.0,0 days 00:01:15.576000,2.0,HARD,4.0,,,0 days 00:00:20.059000,0 days 00:00:35.746000,0 days 00:00:19.771000,19.0,1,True
BEA,87,6.0,0 days 00:01:14.855000,2.0,HARD,5.0,,,0 days 00:00:19.719000,0 days 00:00:35.412000,0 days 00:00:19.724000,19.0,1,True
BEA,87,7.0,0 days 00:01:15.058000,2.0,HARD,6.0,,,0 days 00:00:19.736000,0 days 00:00:35.502000,0 days 00:00:19.820000,19.0,1,True
BEA,87,8.0,0 days 00:01:18.303000,2.0,HARD,7.0,,,0 days 00:00:19.782000,0 days 00:00:37.095000,0 days 00:00:21.426000,18.0,12,True
BEA,87,9.0,0 days 00:01:16.467000,2.0,HARD,8.0,,,0 days 00:00:19.799000,0 days 00:00:36.351000,0 days 00:00:20.317000,18.0,2,True
BEA,87,10.0,0 days 00:01:19.555000,2.0,HARD,9.0,,,0 days 00:00:20.089000,0 days 00:00:38.146000,0 days 00:00:21.320000,18.0,2,True
BEA,87,11.0,0 days 00:01:20.017000,2.0,HARD,10.0,,,0 days 00:00:20.767000,0 days 00:00:37.739000,0 days 00:00:21.511000,18.0,21,True
BEA,87,12.0,0 days 00:01:19.401000,2.0,HARD,11.0,,,0 days 00:00:20.832000,0 days 00:00:37.372000,0 days 00:00:21.197000,17.0,1,True
BEA,87,13.0,0 days 00:01:19.680000,2.0,HARD,12.0,,,0 days 00:00:21.010000,0 days 00:00:37.726000,0 days 00:00:20.944000,16.0,1,True
BEA,87,14.0,0 days 00:01:18.386000,2.0,HARD,13.0,,,0 days 00:00:20.584000,0 days 00:00:36.922000,0 days 00:00:20.880000,16.0,1,True
BEA,87,15.0,0 days 00:01:19.194000,2.0,HARD,14.0,,,0 days 00:00:20.737000,0 days 00:00:37.281000,0 days 00:00:21.176000,16.0,1,True
BEA,87,16.0,0 days 00:01:20.638000,2.0,HARD,15.0,,,0 days 00:00:20.815000,0 days 00:00:37.751000,0 days 00:00:22.072000,16.0,1,True
BEA,87,19.0,0 days 00:01:16.285000,3.0,MEDIUM,2.0,,,0 days 00:00:20.239000,0 days 00:00:35.836000,0 days 00:00:20.210000,19.0,1,True
BEA,87,20.0,0 days 00:01:16.530000,3.0,MEDIUM,3.0,,,0 days 00:00:20.221000,0 days 00:00:35.927000,0 days 00:00:20.382000,19.0,1,True
BEA,87,21.0,0 days 00:01:17.189000,3.0,MEDIUM,4.0,,,0 days 00:00:20.282000,0 days 00:00:36.288000,0 days 00:00:20.619000,19.0,1,True
BEA,87,22.0,0 days 00:01:16.562000,3.0,MEDIUM,5.0,,,0 days 00:00:20.098000,0 days 00:00:35.991000,0 days 00:00:20.473000,19.0,1,True
BEA,87,23.0,0 days 00:01:16.542000,3.0,MEDIUM,6.0,,,0 days 00:00:20.116000,0 days 00:00:36.085000,0 days 00:00:20.341000,19.0,1,True
BEA,87,24.0,0 days 00:01:17.056000,3.0,MEDIUM,7.0,,,0 days 00:00:20.147000,0 days 00:00:36.396000,0 days 00:00:20.513000,19.0,1,True
BEA,87,25.0,0 days 00:01:18.369000,3.0,MEDIUM,8.0,,,0 days 00:00:20.168000,0 days 00:00:36.344000,0 days 00:00:21.857000,19.0,1,True
BEA,87,26.0,0 days 00:01:18.034000,3.0,MEDIUM,9.0,,,0 days 00:00:20.397000,0 days 00:00:35.922000,0 days 00:00:21.715000,17.0,1,True
BEA,87,27.0,0 days 00:01:17,3.0,MEDIUM,10.0,,,0 days 00:00:20.347000,0 days 00:00:36.217000,0 days 00:00:20.436000,17.0,1,True
BEA,87,28.0,0 days 00:01:17.126000,3.0,MEDIUM,11.0,,,0 days 00:00:19.849000,0 days 00:00:36.274000,0 days 00:00:21.003000,17.0,1,True
BEA,87,29.0,0 days 00:01:21.565000,3.0,MEDIUM,12.0,,,0 days 00:00:21.657000,0 days 00:00:37.251000,0 days 00:00:22.657000,17.0,1,True
BEA,87,30.0,0 days 00:01:18.778000,3.0,MEDIUM,13.0,,,0 days 00:00:21.050000,0 days 00:00:36.419000,0 days 00:00:21.309000,17.0,1,True
BEA,87,31.0,0 days 00:01:19.927000,3.0,MEDIUM,14.0,,,0 days 00:00:21.651000,0 days 00:00:37.135000,0 days 00:00:21.141000,17.0,1,True
BEA,87,32.0,0 days 00:01:20.227000,3.0,MEDIUM,15.0,,,0 days 00:00:21.452000,0 days 00:00:37.293000,0 days 00:00:21.482000,17.0,1,True
BEA,87,33.0,0 days 00:01:18.784000,3.0,MEDIUM,16.0,,,0 days 00:00:20.359000,0 days 00:00:36.752000,0 days 00:00:21.673000,17.0,1,True
BEA,87,34.0,0 days 00:01:19.725000,3.0,MEDIUM,17.0,,,0 days 00:00:20.863000,0 days 00:00:37.773000,0 days 00:00:21.089000,17.0,1,True
BEA,87,35.0,0 days 00:01:18.006000,3.0,MEDIUM,18.0,,,0 days 00:00:20.193000,0 days 00:00:36.625000,0 days 00:00:21.188000,17.0,1,True
BEA,87,36.0,0 days 00:01:19.059000,3.0,MEDIUM,19.0,,,0 days 00:00:20.575000,0 days 00:00:37.299000,0 days 00:00:21.185000,17.0,1,True
BEA,87,37.0,0 days 00:01:18.885000,3.0,MEDIUM,20.0,,,0 days 00:00:20.395000,0 days 00:00:37.292000,0 days 00:00:21.198000,16.0,12,True
BEA,87,38.0,0 days 00:01:18.333000,3.0,MEDIUM,21.0,,,0 days 00:00:20.366000,0 days 00:00:36.990000,0 days 00:00:20.977000,16.0,1,True
BEA,87,39.0,0 days 00:01:18.791000,3.0,MEDIUM,22.0,,,0 days 00:00:20.790000,0 days 00:00:36.868000,0 days 00:00:21.133000,16.0,1,True
BEA,87,40.0,0 days 00:01:18.768000,3.0,MEDIUM,23.0,,,0 days 00:00:20.406000,0 days 00:00:37.307000,0 days 00:00:21.055000,16.0,1,True
BEA,87,41.0,0 days 00:01:18.741000,3.0,MEDIUM,24.0,,,0 days 00:00:20.404000,0 days 00:00:37.170000,0 days 00:00:21.167000,16.0,1,True
BEA,87,42.0,0 days 00:01:17.424000,3.0,MEDIUM,25.0,,,0 days 00:00:20.186000,0 days 00:00:36.643000,0 days 00:00:20.595000,16.0,1,True
BEA,87,43.0,0 days 00:01:17.648000,3.0,MEDIUM,26.0,,,0 days 00:00:20.070000,0 days 00:00:36.628000,0 days 00:00:20.950000,16.0,1,True
BEA,87,44.0,0 days 00:01:18.511000,3.0,MEDIUM,27.0,,,0 days 00:00:20.384000,0 days 00:00:37.091000,0 days 00:00:21.036000,15.0,1,True
BEA,87,45.0,0 days 00:01:19.057000,3.0,MEDIUM,28.0,,,0 days 00:00:20.513000,0 days 00:00:37.519000,0 days 00:00:21.025000,15.0,1,True
BEA,87,46.0,0 days 00:01:19.294000,3.0,MEDIUM,29.0,,,0 days 00:00:20.344000,0 days 00:00:37.578000,0 days 00:00:21.372000,15.0,1,True
BEA,87,47.0,0 days 00:01:20.078000,3.0,MEDIUM,30.0,,,0 days 00:00:21.138000,0 days 00:00:37.733000,0 days 00:00:21.207000,15.0,1,True
BEA,87,48.0,0 days 00:01:18.965000,3.0,MEDIUM,31.0,,,0 days 00:00:20.266000,0 days 00:00:37.652000,0 days 00:00:21.047000,15.0,1,True
BEA,87,49.0,0 days 00:01:17.921000,3.0,MEDIUM,32.0,,,0 days 00:00:20.315000,0 days 00:00:36.641000,0 days 00:00:20.965000,15.0,1,True
BEA,87,50.0,0 days 00:01:19.103000,3.0,MEDIUM,33.0,,,0 days 00:00:20.512000,0 days 00:00:37.390000,0 days 00:00:21.201000,15.0,1,True
BEA,87,51.0,0 days 00:01:22.205000,3.0,MEDIUM,34.0,,,0 days 00:00:21.839000,0 days 00:00:37.780000,0 days 00:00:22.586000,15.0,1,True
BEA,87,52.0,0 days 00:01:19.988000,3.0,MEDIUM,35.0,,,0 days 00:00:20.695000,0 days 00:00:38.518000,0 days 00:00:20.775000,15.0,1,True
BEA,87,53.0,0 days 00:01:20.306000,3.0,MEDIUM,36.0,,,0 days 00:00:20.616000,0 days 00:00:37.214000,0 days 00:00:22.476000,15.0,1,True
BEA,87,54.0,0 days 00:01:18.820000,3.0,MEDIUM,37.0,,,0 days 00:00:20.245000,0 days 00:00:37.524000,0 days 00:00:21.051000,15.0,1,True
BEA,87,55.0,0 days 00:01:18.659000,3.0,MEDIUM,38.0,,,0 days 00:00:20.735000,0 days 00:00:36.824000,0 days 00:00:21.100000,15.0,1,True
BEA,87,56.0,0 days 00:01:18.306000,3.0,MEDIUM,39.0,,,0 days 00:00:20.347000,0 days 00:00:37.121000,0 days 00:00:20.838000,15.0,1,True
BEA,87,57.0,0 days 00:01:18.584000,3.0,MEDIUM,40.0,,,0 days 00:00:20.475000,0 days 00:00:37.088000,0 days 00:00:21.021000,15.0,1,True
BEA,87,58.0,0 days 00:01:18.038000,3.0,MEDIUM,41.0,,,0 days 00:00:20.201000,0 days 00:00:36.840000,0 days 00:00:20.997000,15.0,1,True
BEA,87,59.0,0 days 00:01:19.233000,3.0,MEDIUM,42.0,,,0 days 00:00:20.590000,0 days 00:00:37.407000,0 days 00:00:21.236000,15.0,1,True
BEA,87,60.0,0 days 00:01:18.669000,3.0,MEDIUM,43.0,,,0 days 00:00:20.399000,0 days 00:00:37.170000,0 days 00:00:21.100000,15.0,1,True
BEA,87,61.0,0 days 00:01:18.715000,3.0,MEDIUM,44.0,,,0 days 00:00:20.266000,0 days 00:00:37.091000,0 days 00:00:21.358000,15.0,1,True
BEA,87,62.0,0 days 00:01:18.364000,3.0,MEDIUM,45.0,,,0 days 00:00:20.141000,0 days 00:00:36.978000,0 days 00:00:21.245000,15.0,1,True
BEA,87,63.0,0 days 00:01:18.836000,3.0,MEDIUM,46.0,,,0 days 00:00:20.234000,0 days 00:00:37.064000,0 days 00:00:21.538000,15.0,1,True
BEA,87,64.0,0 days 00:01:18.404000,3.0,MEDIUM,47.0,,,0 days 00:00:20.408000,0 days 00:00:36.943000,0 days 00:00:21.053000,14.0,1,True
BEA,87,65.0,0 days 00:01:17.177000,3.0,MEDIUM,48.0,,,0 days 00:00:19.718000,0 days 00:00:36.758000,0 days 00:00:20.701000,14.0,1,True
BEA,87,66.0,0 days 00:01:17.748000,3.0,MEDIUM,49.0,,,0 days 00:00:20.154000,0 days 00:00:36.943000,0 days 00:00:20.651000,14.0,1,True
BEA,87,67.0,0 days 00:01:16.362000,3.0,MEDIUM,50.0,,,0 days 00:00:19.905000,0 days 00:00:36.395000,0 days 00:00:20.062000,14.0,1,True
BEA,87,68.0,0 days 00:01:17.602000,3.0,MEDIUM,51.0,,,0 days 00:00:20.684000,0 days 00:00:36.937000,0 days 00:00:19.981000,14.0,1,True
BEA,87,69.0,0 days 00:01:16.187000,3.0,MEDIUM,52.0,,,0 days 00:00:19.727000,0 days 00:00:36.228000,0 days 00:00:20.232000,13.0,1,True
BEA,87,70.0,0 days 00:01:16.663000,3.0,MEDIUM,53.0,,,0 days 00:00:20.099000,0 days 00:00:36.465000,0 days 00:00:20.099000,13.0,1,True
BEA,87,71.0,0 days 00:01:15.748000,3.0,MEDIUM,54.0,,,0 days 00:00:19.800000,0 days 00:00:36.160000,0 days 00:00:19.788000,13.0,1,True
BEA,87,72.0,0 days 00:01:15.427000,3.0,MEDIUM,55.0,,,0 days 00:00:19.724000,0 days 00:00:35.867000,0 days 00:00:19.836000,13.0,1,True
BEA,87,73.0,0 days 00:01:15.355000,3.0,MEDIUM,56.0,,,0 days 00:00:19.631000,0 days 00:00:35.894000,0 days 00:00:19.830000,12.0,1,True
BEA,87,74.0,0 days 00:01:15.365000,3.0,MEDIUM,57.0,,,0 days 00:00:19.528000,0 days 00:00:35.823000,0 days 00:00:20.014000,12.0,1,True
BEA,87,75.0,0 days 00:01:15.799000,3.0,MEDIUM,58.0,,,0 days 00:00:19.650000,0 days 00:00:36.177000,0 days 00:00:19.972000,12.0,1,True
BEA,87,76.0,0 days 00:01:17.224000,3.0,MEDIUM,59.0,,,0 days 00:00:19.742000,0 days 00:00:36.783000,0 days 00:00:20.699000,12.0,1,True
BOR,5,5.0,0 days 00:01:16.394000,2.0,HARD,4.0,,,0 days 00:00:20.236000,0 days 00:00:36.043000,0 days 00:00:20.115000,20.0,1,True
BOR,5,6.0,0 days 00:01:15.757000,2.0,HARD,5.0,,,0 days 00:00:19.917000,0 days 00:00:35.681000,0 days 00:00:20.159000,20.0,1,True
BOR,5,7.0,0 days 00:01:15.721000,2.0,HARD,6.0,,,0 days 00:00:19.917000,0 days 00:00:35.737000,0 days 00:00:20.067000,20.0,1,True
BOR,5,8.0,0 days 00:01:18.331000,2.0,HARD,7.0,,,0 days 00:00:19.866000,0 days 00:00:37.166000,0 days 00:00:21.299000,20.0,12,True
BOR,5,9.0,0 days 00:01:18.411000,2.0,HARD,8.0,,,0 days 00:00:19.887000,0 days 00:00:37.090000,0 days 00:00:21.434000,19.0,2,True
BOR,5,10.0,0 days 00:01:16.782000,2.0,HARD,9.0,,,0 days 00:00:19.881000,0 days 00:00:36.748000,0 days 00:00:20.153000,19.0,2,True
BOR,5,11.0,0 days 00:01:16.256000,2.0,HARD,10.0,,,0 days 00:00:19.890000,0 days 00:00:36.030000,0 days 00:00:20.336000,19.0,21,True
BOR,5,12.0,0 days 00:01:17.804000,2.0,HARD,11.0,,,0 days 00:00:20.254000,0 days 00:00:36.728000,0 days 00:00:20.822000,18.0,1,True
BOR,5,13.0,0 days 00:01:19.088000,2.0,HARD,12.0,,,0 days 00:00:20.471000,0 days 00:00:37.542000,0 days 00:00:21.075000,17.0,1,True
BOR,5,14.0,0 days 00:01:18.481000,2.0,HARD,13.0,,,0 days 00:00:20.638000,0 days 00:00:36.911000,0 days 00:00:20.932000,17.0,1,True
BOR,5,15.0,0 days 00:01:18.647000,2.0,HARD,14.0,,,0 days 00:00:20.490000,0 days 00:00:37.133000,0 days 00:00:21.024000,17.0,1,True
BOR,5,16.0,0 days 00:01:20.378000,2.0,HARD,15.0,,,0 days 00:00:20.827000,0 days 00:00:37.867000,0 days 00:00:21.684000,17.0,1,True
BOR,5,17.0,0 days 00:01:20.937000,2.0,HARD,16.0,,,0 days 00:00:21.182000,0 days 00:00:38.383000,0 days 00:00:21.372000,15.0,1,True
BOR,5,18.0,0 days 00:01:19.222000,2.0,HARD,17.0,,,0 days 00:00:20.512000,0 days 00:00:37.441000,0 days 00:00:21.269000,15.0,1,True
BOR,5,19.0,0 days 00:01:19.729000,2.0,HARD,18.0,,,0 days 00:00:20.945000,0 days 00:00:37.731000,0 days 00:00:21.053000,15.0,1,True
BOR,5,20.0,0 days 00:01:19.335000,2.0,HARD,19.0,,,0 days 00:00:20.689000,0 days 00:00:37.673000,0 days 00:00:20.973000,15.0,1,True
BOR,5,21.0,0 days 00:01:17.718000,2.0,HARD,20.0,,,0 days 00:00:20.308000,0 days 00:00:36.656000,0 days 00:00:20.754000,15.0,1,True
BOR,5,22.0,0 days 00:01:17.664000,2.0,HARD,21.0,,,0 days 00:00:20.356000,0 days 00:00:36.703000,0 days 00:00:20.605000,15.0,1,True
BOR,5,23.0,0 days 00:01:17.216000,2.0,HARD,22.0,,,0 days 00:00:20.213000,0 days 00:00:36.530000,0 days 00:00:20.473000,15.0,1,True
BOR,5,24.0,0 days 00:01:17.286000,2.0,HARD,23.0,,,0 days 00:00:20.201000,0 days 00:00:36.570000,0 days 00:00:20.515000,15.0,1,True
BOR,5,25.0,0 days 00:01:17.965000,2.0,HARD,24.0,,,0 days 00:00:20.141000,0 days 00:00:36.786000,0 days 00:00:21.038000,15.0,1,True
BOR,5,28.0,0 days 00:01:16.020000,3.0,SOFT,2.0,,,0 days 00:00:20.279000,0 days 00:00:35.746000,0 days 00:00:19.995000,18.0,1,True
BOR,5,29.0,0 days 00:01:15.193000,3.0,SOFT,3.0,,,0 days 00:00:19.618000,0 days 00:00:35.579000,0 days 00:00:19.996000,18.0,1,True
BOR,5,30.0,0 days 00:01:15.543000,3.0,SOFT,4.0,,,0 days 00:00:19.656000,0 days 00:00:35.734000,0 days 00:00:20.153000,18.0,1,True
BOR,5,31.0,0 days 00:01:18.214000,3.0,SOFT,5.0,,,0 days 00:00:19.816000,0 days 00:00:36.399000,0 days 00:00:21.999000,18.0,1,True
BOR,5,32.0,0 days 00:01:19.347000,3.0,SOFT,6.0,,,0 days 00:00:20.554000,0 days 00:00:37.426000,0 days 00:00:21.367000,18.0,1,True
BOR,5,33.0,0 days 00:01:19.276000,3.0,SOFT,7.0,,,0 days 00:00:22.023000,0 days 00:00:36.597000,0 days 00:00:20.656000,18.0,1,True
BOR,5,34.0,0 days 00:01:19.276000,3.0,SOFT,8.0,,,0 days 00:00:20.514000,0 days 00:00:37.529000,0 days 00:00:21.233000,18.0,1,True
BOR,5,37.0,0 days 00:01:14.884000,4.0,MEDIUM,2.0,,,0 days 00:00:19.720000,0 days 00:00:35.188000,0 days 00:00:19.976000,18.0,12,True
BOR,5,38.0,0 days 00:01:14.970000,4.0,MEDIUM,3.0,,,0 days 00:00:19.721000,0 days 00:00:35.317000,0 days 00:00:19.932000,18.0,1,True
BOR,5,39.0,0 days 00:01:15.888000,4.0,MEDIUM,4.0,,,0 days 00:00:19.829000,0 days 00:00:35.666000,0 days 00:00:20.393000,18.0,1,True
BOR,5,40.0,0 days 00:01:16.335000,4.0,MEDIUM,5.0,,,0 days 00:00:20.008000,0 days 00:00:35.836000,0 days 00:00:20.491000,18.0,1,True
BOR,5,41.0,0 days 00:01:16.847000,4.0,MEDIUM,6.0,,,0 days 00:00:19.929000,0 days 00:00:36.341000,0 days 00:00:20.577000,18.0,1,True
BOR,5,42.0,0 days 00:01:17.678000,4.0,MEDIUM,7.0,,,0 days 00:00:20.488000,0 days 00:00:36.582000,0 days 00:00:20.608000,18.0,1,True
BOR,5,43.0,0 days 00:01:17.037000,4.0,MEDIUM,8.0,,,0 days 00:00:20.040000,0 days 00:00:36.395000,0 days 00:00:20.602000,18.0,1,True
BOR,5,44.0,0 days 00:01:18.350000,4.0,MEDIUM,9.0,,,0 days 00:00:20.266000,0 days 00:00:36.985000,0 days 00:00:21.099000,17.0,1,True
BOR,5,45.0,0 days 00:01:18.458000,4.0,MEDIUM,10.0,,,0 days 00:00:20.242000,0 days 00:00:37.103000,0 days 00:00:21.113000,17.0,1,True
BOR,5,46.0,0 days 00:01:19.853000,4.0,MEDIUM,11.0,,,0 days 00:00:20.453000,0 days 00:00:38.296000,0 days 00:00:21.104000,17.0,1,True
BOR,5,47.0,0 days 00:01:20.127000,4.0,MEDIUM,12.0,,,0 days 00:00:20.664000,0 days 00:00:37.369000,0 days 00:00:22.094000,17.0,1,True
BOR,5,48.0,0 days 00:01:18.016000,4.0,MEDIUM,13.0,,,0 days 00:00:20.193000,0 days 00:00:36.798000,0 days 00:00:21.025000,17.0,1,True
BOR,5,49.0,0 days 00:01:18.411000,4.0,MEDIUM,14.0,,,0 days 00:00:20.471000,0 days 00:00:37.191000,0 days 00:00:20.749000,17.0,1,True
BOR,5,50.0,0 days 00:01:19.679000,4.0,MEDIUM,15.0,,,0 days 00:00:20.266000,0 days 00:00:38.417000,0 days 00:00:20.996000,17.0,1,True
BOR,5,51.0,0 days 00:01:20.698000,4.0,MEDIUM,16.0,,,0 days 00:00:20.568000,0 days 00:00:38.615000,0 days 00:00:21.515000,17.0,1,True
BOR,5,52.0,0 days 00:01:20.809000,4.0,MEDIUM,17.0,,,0 days 00:00:21.533000,0 days 00:00:37.901000,0 days 00:00:21.375000,17.0,1,True
BOR,5,53.0,0 days 00:01:19.965000,4.0,MEDIUM,18.0,,,0 days 00:00:20.329000,0 days 00:00:38.673000,0 days 00:00:20.963000,17.0,1,True
BOR,5,54.0,0 days 00:01:18.704000,4.0,MEDIUM,19.0,,,0 days 00:00:20.513000,0 days 00:00:37.061000,0 days 00:00:21.130000,17.0,1,True
BOR,5,55.0,0 days 00:01:18.823000,4.0,MEDIUM,20.0,,,0 days 00:00:20.735000,0 days 00:00:37.060000,0 days 00:00:21.028000,17.0,1,True
BOR,5,56.0,0 days 00:01:18.451000,4.0,MEDIUM,21.0,,,0 days 00:00:20.455000,0 days 00:00:37.056000,0 days 00:00:20.940000,17.0,1,True
BOR,5,57.0,0 days 00:01:18.438000,4.0,MEDIUM,22.0,,,0 days 00:00:20.193000,0 days 00:00:37.269000,0 days 00:00:20.976000,17.0,1,True
BOR,5,58.0,0 days 00:01:18.118000,4.0,MEDIUM,23.0,,,0 days 00:00:20.332000,0 days 00:00:36.847000,0 days 00:00:20.939000,17.0,1,True
BOR,5,59.0,0 days 00:01:18.997000,4.0,MEDIUM,24.0,,,0 days 00:00:20.239000,0 days 00:00:37.560000,0 days 00:00:21.198000,17.0,1,True
BOR,5,60.0,0 days 00:01:18.808000,4.0,MEDIUM,25.0,,,0 days 00:00:20.468000,0 days 00:00:37.197000,0 days 00:00:21.143000,17.0,1,True
BOR,5,61.0,0 days 00:01:18.797000,4.0,MEDIUM,26.0,,,0 days 00:00:20.266000,0 days 00:00:37.383000,0 days 00:00:21.148000,17.0,1,True
BOR,5,62.0,0 days 00:01:18.266000,4.0,MEDIUM,27.0,,,0 days 00:00:20.332000,0 days 00:00:37.062000,0 days 00:00:20.872000,17.0,1,True
BOR,5,63.0,0 days 00:01:18.906000,4.0,MEDIUM,28.0,,,0 days 00:00:20.231000,0 days 00:00:37.337000,0 days 00:00:21.338000,17.0,1,True
BOR,5,64.0,0 days 00:01:22.158000,4.0,MEDIUM,29.0,,,0 days 00:00:21.805000,0 days 00:00:38.571000,0 days 00:00:21.782000,16.0,1,True
BOR,5,65.0,0 days 00:01:18.960000,4.0,MEDIUM,30.0,,,0 days 00:00:21.527000,0 days 00:00:36.793000,0 days 00:00:20.640000,16.0,1,True
BOR,5,66.0,0 days 00:01:17.324000,4.0,MEDIUM,31.0,,,0 days 00:00:20.146000,0 days 00:00:36.520000,0 days 00:00:20.658000,16.0,1,True
BOR,5,67.0,0 days 00:01:17.412000,4.0,MEDIUM,32.0,,,0 days 00:00:20.085000,0 days 00:00:36.611000,0 days 00:00:20.716000,16.0,1,True
BOR,5,68.0,0 days 00:01:17.248000,4.0,MEDIUM,33.0,,,0 days 00:00:20.100000,0 days 00:00:36.578000,0 days 00:00:20.570000,16.0,1,True
BOR,5,69.0,0 days 00:01:16.985000,4.0,MEDIUM,34.0,,,0 days 00:00:19.931000,0 days 00:00:36.599000,0 days 00:00:20.455000,15.0,1,True
BOR,5,70.0,0 days 00:01:17.096000,4.0,MEDIUM,35.0,,,0 days 00:00:20.151000,0 days 00:00:36.533000,0 days 00:00:20.412000,15.0,1,True
BOR,5,71.0,0 days 00:01:16.484000,4.0,MEDIUM,36.0,,,0 days 00:00:19.858000,0 days 00:00:36.331000,0 days 00:00:20.295000,15.0,1,True
BOR,5,72.0,0 days 00:01:16.624000,4.0,MEDIUM,37.0,,,0 days 00:00:19.898000,0 days 00:00:36.245000,0 days 00:00:20.481000,15.0,1,True
BOR,5,73.0,0 days 00:01:16.774000,4.0,MEDIUM,38.0,,,0 days 00:00:19.775000,0 days 00:00:36.420000,0 days 00:00:20.579000,14.0,1,True
BOR,5,74.0,0 days 00:01:16.831000,4.0,MEDIUM,39.0,,,0 days 00:00:20.102000,0 days 00:00:36.386000,0 days 00:00:20.343000,14.0,1,True
BOR,5,75.0,0 days 00:01:16.681000,4.0,MEDIUM,40.0,,,0 days 00:00:19.963000,0 days 00:00:36.368000,0 days 00:00:20.350000,14.0,1,True
BOR,5,76.0,0 days 00:01:16.867000,4.0,MEDIUM,41.0,,,0 days 00:00:19.872000,0 days 00:00:36.360000,0 days 00:00:20.635000,14.0,1,True
COL,43,5.0,0 days 00:01:19.999000,1.0,HARD,5.0,,,0 days 00:00:20.959000,0 days 00:00:37.709000,0 days 00:00:21.331000,15.0,1,True
COL,43,6.0,0 days 00:01:20.746000,1.0,HARD,6.0,,,0 days 00:00:21.187000,0 days 00:00:37.873000,0 days 00:00:21.686000,15.0,1,True
COL,43,7.0,0 days 00:01:20.915000,1.0,HARD,7.0,,,0 days 00:00:21.251000,0 days 00:00:37.801000,0 days 00:00:21.863000,15.0,1,True
COL,43,8.0,0 days 00:01:20.987000,1.0,HARD,8.0,,,0 days 00:00:21.260000,0 days 00:00:38.026000,0 days 00:00:21.701000,15.0,12,True
COL,43,9.0,0 days 00:01:23.197000,1.0,HARD,9.0,,,0 days 00:00:21.020000,0 days 00:00:39.914000,0 days 00:00:22.263000,15.0,2,True
COL,43,10.0,0 days 00:01:21.709000,1.0,HARD,10.0,,,0 days 00:00:21.163000,0 days 00:00:38.877000,0 days 00:00:21.669000,15.0,2,True
COL,43,11.0,0 days 00:01:19.851000,1.0,HARD,11.0,,,0 days 00:00:20.995000,0 days 00:00:37.590000,0 days 00:00:21.266000,15.0,21,True
COL,43,12.0,0 days 00:01:19.827000,1.0,HARD,12.0,,,0 days 00:00:21.071000,0 days 00:00:37.383000,0 days 00:00:21.373000,14.0,1,True
COL,43,15.0,0 days 00:01:15.509000,2.0,MEDIUM,9.0,,,0 days 00:00:20.031000,0 days 00:00:35.484000,0 days 00:00:19.994000,19.0,1,True
COL,43,16.0,0 days 00:01:15.435000,2.0,MEDIUM,10.0,,,0 days 00:00:19.967000,0 days 00:00:35.484000,0 days 00:00:19.984000,19.0,1,True
COL,43,17.0,0 days 00:01:17.547000,2.0,MEDIUM,11.0,,,0 days 00:00:20.025000,0 days 00:00:36.508000,0 days 00:00:21.014000,17.0,1,True
COL,43,18.0,0 days 00:01:18.351000,2.0,MEDIUM,12.0,,,0 days 00:00:20.569000,0 days 00:00:37.021000,0 days 00:00:20.761000,17.0,1,True
COL,43,19.0,0 days 00:01:18.851000,2.0,MEDIUM,13.0,,,0 days 00:00:20.572000,0 days 00:00:37.322000,0 days 00:00:20.957000,17.0,1,True
COL,43,20.0,0 days 00:01:19.296000,2.0,MEDIUM,14.0,,,0 days 00:00:20.775000,0 days 00:00:37.347000,0 days 00:00:21.174000,17.0,1,True
COL,43,21.0,0 days 00:01:18.214000,2.0,MEDIUM,15.0,,,0 days 00:00:20.526000,0 days 00:00:36.855000,0 days 00:00:20.833000,17.0,1,True
COL,43,22.0,0 days 00:01:17.808000,2.0,MEDIUM,16.0,,,0 days 00:00:20.295000,0 days 00:00:36.786000,0 days 00:00:20.727000,17.0,1,True
COL,43,23.0,0 days 00:01:17.626000,2.0,MEDIUM,17.0,,,0 days 00:00:20.352000,0 days 00:00:36.630000,0 days 00:00:20.644000,17.0,1,True
COL,43,24.0,0 days 00:01:17.233000,2.0,MEDIUM,18.0,,,0 days 00:00:20.226000,0 days 00:00:36.489000,0 days 00:00:20.518000,17.0,1,True
COL,43,25.0,0 days 00:01:17.209000,2.0,MEDIUM,19.0,,,0 days 00:00:20.032000,0 days 00:00:36.647000,0 days 00:00:20.530000,17.0,1,True
COL,43,28.0,0 days 00:01:18.135000,3.0,MEDIUM,2.0,,,0 days 00:00:21.354000,0 days 00:00:36.628000,0 days 00:00:20.153000,19.0,1,True
COL,43,29.0,0 days 00:01:15.914000,3.0,MEDIUM,3.0,,,0 days 00:00:20.094000,0 days 00:00:35.638000,0 days 00:00:20.182000,19.0,1,True
COL,43,30.0,0 days 00:01:15.298000,3.0,MEDIUM,4.0,,,0 days 00:00:19.799000,0 days 00:00:35.484000,0 days 00:00:20.015000,19.0,1,True
COL,43,31.0,0 days 00:01:16.007000,3.0,MEDIUM,5.0,,,0 days 00:00:19.843000,0 days 00:00:35.877000,0 days 00:00:20.287000,19.0,1,True
COL,43,32.0,0 days 00:01:19.845000,3.0,MEDIUM,6.0,,,0 days 00:00:20.397000,0 days 00:00:38.726000,0 days 00:00:20.722000,19.0,1,True
COL,43,33.0,0 days 00:01:18.528000,3.0,MEDIUM,7.0,,,0 days 00:00:20.710000,0 days 00:00:37.195000,0 days 00:00:20.623000,19.0,1,True
COL,43,34.0,0 days 00:01:18.704000,3.0,MEDIUM,8.0,,,0 days 00:00:20.551000,0 days 00:00:37.100000,0 days 00:00:21.053000,19.0,1,True
COL,43,35.0,0 days 00:01:18.670000,3.0,MEDIUM,9.0,,,0 days 00:00:20.490000,0 days 00:00:37.253000,0 days 00:00:20.927000,18.0,1,True
COL,43,36.0,0 days 00:01:17.955000,3.0,MEDIUM,10.0,,,0 days 00:00:20.375000,0 days 00:00:36.766000,0 days 00:00:20.814000,18.0,1,True
COL,43,37.0,0 days 00:01:18.660000,3.0,MEDIUM,11.0,,,0 days 00:00:20.584000,0 days 00:00:37.231000,0 days 00:00:20.845000,17.0,12,True
COL,43,38.0,0 days 00:01:18.728000,3.0,MEDIUM,12.0,,,0 days 00:00:20.702000,0 days 00:00:37.114000,0 days 00:00:20.912000,17.0,1,True
COL,43,39.0,0 days 00:01:18.889000,3.0,MEDIUM,13.0,,,0 days 00:00:20.455000,0 days 00:00:37.386000,0 days 00:00:21.048000,17.0,1,True
COL,43,40.0,0 days 00:01:18.443000,3.0,MEDIUM,14.0,,,0 days 00:00:20.743000,0 days 00:00:36.950000,0 days 00:00:20.750000,17.0,1,True
COL,43,41.0,0 days 00:01:18.866000,3.0,MEDIUM,15.0,,,0 days 00:00:20.596000,0 days 00:00:37.437000,0 days 00:00:20.833000,17.0,1,True
COL,43,42.0,0 days 00:01:17.798000,3.0,MEDIUM,16.0,,,0 days 00:00:20.430000,0 days 00:00:36.752000,0 days 00:00:20.616000,17.0,1,True
COL,43,43.0,0 days 00:01:17.541000,3.0,MEDIUM,17.0,,,0 days 00:00:20.286000,0 days 00:00:36.504000,0 days 00:00:20.751000,17.0,1,True
COL,43,44.0,0 days 00:01:18.439000,3.0,MEDIUM,18.0,,,0 days 00:00:20.488000,0 days 00:00:37.187000,0 days 00:00:20.764000,16.0,1,True
COL,43,45.0,0 days 00:01:18.710000,3.0,MEDIUM,19.0,,,0 days 00:00:20.474000,0 days 00:00:37.271000,0 days 00:00:20.965000,16.0,1,True
COL,43,46.0,0 days 00:01:20.190000,3.0,MEDIUM,20.0,,,0 days 00:00:20.537000,0 days 00:00:37.455000,0 days 00:00:22.198000,16.0,1,True
COL,43,47.0,0 days 00:01:19.889000,3.0,MEDIUM,21.0,,,0 days 00:00:20.566000,0 days 00:00:37.486000,0 days 00:00:21.837000,16.0,1,True
COL,43,48.0,0 days 00:01:18.240000,3.0,MEDIUM,22.0,,,0 days 00:00:20.033000,0 days 00:00:37.186000,0 days 00:00:21.021000,16.0,1,True
COL,43,49.0,0 days 00:01:18.159000,3.0,MEDIUM,23.0,,,0 days 00:00:20.421000,0 days 00:00:37.070000,0 days 00:00:20.668000,16.0,1,True
COL,43,50.0,0 days 00:01:19.965000,3.0,MEDIUM,24.0,,,0 days 00:00:20.398000,0 days 00:00:37.535000,0 days 00:00:22.032000,16.0,1,True
COL,43,51.0,0 days 00:01:20.722000,3.0,MEDIUM,25.0,,,0 days 00:00:20.480000,0 days 00:00:37.985000,0 days 00:00:22.257000,16.0,1,True
COL,43,52.0,0 days 00:01:20.423000,3.0,MEDIUM,26.0,,,0 days 00:00:21.726000,0 days 00:00:37.785000,0 days 00:00:20.912000,16.0,1,True
COL,43,53.0,0 days 00:01:20.255000,3.0,MEDIUM,27.0,,,0 days 00:00:20.508000,0 days 00:00:38.835000,0 days 00:00:20.912000,16.0,1,True
COL,43,54.0,0 days 00:01:18.710000,3.0,MEDIUM,28.0,,,0 days 00:00:20.523000,0 days 00:00:37.008000,0 days 00:00:21.179000,16.0,1,True
COL,43,55.0,0 days 00:01:18.692000,3.0,MEDIUM,29.0,,,0 days 00:00:20.798000,0 days 00:00:37.034000,0 days 00:00:20.860000,16.0,1,True
COL,43,56.0,0 days 00:01:18.489000,3.0,MEDIUM,30.0,,,0 days 00:00:20.514000,0 days 00:00:37.121000,0 days 00:00:20.854000,16.0,1,True
COL,43,57.0,0 days 00:01:18.426000,3.0,MEDIUM,31.0,,,0 days 00:00:20.291000,0 days 00:00:37.248000,0 days 00:00:20.887000,16.0,1,True
COL,43,58.0,0 days 00:01:18.249000,3.0,MEDIUM,32.0,,,0 days 00:00:20.376000,0 days 00:00:37.079000,0 days 00:00:20.794000,16.0,1,True
COL,43,59.0,0 days 00:01:19.063000,3.0,MEDIUM,33.0,,,0 days 00:00:20.283000,0 days 00:00:37.604000,0 days 00:00:21.176000,16.0,1,True
COL,43,60.0,0 days 00:01:18.687000,3.0,MEDIUM,34.0,,,0 days 00:00:20.341000,0 days 00:00:37.201000,0 days 00:00:21.145000,16.0,1,True
COL,43,61.0,0 days 00:01:18.878000,3.0,MEDIUM,35.0,,,0 days 00:00:20.091000,0 days 00:00:37.658000,0 days 00:00:21.129000,16.0,1,True
COL,43,62.0,0 days 00:01:18.214000,3.0,MEDIUM,36.0,,,0 days 00:00:20.102000,0 days 00:00:37.143000,0 days 00:00:20.969000,16.0,1,True
COL,43,63.0,0 days 00:01:18.877000,3.0,MEDIUM,37.0,,,0 days 00:00:20.129000,0 days 00:00:37.292000,0 days 00:00:21.456000,16.0,1,True
COL,43,64.0,0 days 00:01:18.379000,3.0,MEDIUM,38.0,,,0 days 00:00:20.421000,0 days 00:00:37.089000,0 days 00:00:20.869000,15.0,1,True
COL,43,65.0,0 days 00:01:17.338000,3.0,MEDIUM,39.0,,,0 days 00:00:19.855000,0 days 00:00:36.917000,0 days 00:00:20.566000,15.0,1,True
COL,43,66.0,0 days 00:01:17.517000,3.0,MEDIUM,40.0,,,0 days 00:00:20.069000,0 days 00:00:36.800000,0 days 00:00:20.648000,15.0,1,True
COL,43,67.0,0 days 00:01:18.018000,3.0,MEDIUM,41.0,,,0 days 00:00:19.948000,0 days 00:00:37.817000,0 days 00:00:20.253000,15.0,1,True
COL,43,68.0,0 days 00:01:17.100000,3.0,MEDIUM,42.0,,,0 days 00:00:19.669000,0 days 00:00:36.818000,0 days 00:00:20.613000,15.0,1,True
COL,43,69.0,0 days 00:01:16.703000,3.0,MEDIUM,43.0,,,0 days 00:00:19.802000,0 days 00:00:36.610000,0 days 00:00:20.291000,14.0,1,True
COL,43,70.0,0 days 00:01:16.707000,3.0,MEDIUM,44.0,,,0 days 00:00:19.773000,0 days 00:00:36.702000,0 days 00:00:20.232000,14.0,1,True
COL,43,71.0,0 days 00:01:16.256000,3.0,MEDIUM,45.0,,,0 days 00:00:19.673000,0 days 00:00:36.385000,0 days 00:00:20.198000,14.0,1,True
COL,43,72.0,0 days 00:01:16.135000,3.0,MEDIUM,46.0,,,0 days 00:00:19.762000,0 days 00:00:36.313000,0 days 00:00:20.060000,14.0,1,True
COL,43,73.0,0 days 00:01:15.669000,3.0,MEDIUM,47.0,,,0 days 00:00:19.485000,0 days 00:00:36.107000,0 days 00:00:20.077000,13.0,1,True
COL,43,74.0,0 days 00:01:15.564000,3.0,MEDIUM,48.0,,,0 days 00:00:19.558000,0 days 00:00:36.073000,0 days 00:00:19.933000,13.0,1,True
COL,43,75.0,0 days 00:01:15.920000,3.0,MEDIUM,49.0,,,0 days 00:00:19.573000,0 days 00:00:36.350000,0 days 00:00:19.997000,13.0,1,True
COL,43,76.0,0 days 00:01:15.435000,3.0,MEDIUM,50.0,,,0 days 00:00:19.512000,0 days 00:00:36.009000,0 days 00:00:19.914000,13.0,1,True
GAS,10,5.0,0 days 00:01:18.864000,2.0,MEDIUM,4.0,,,0 days 00:00:21.094000,0 days 00:00:37.068000,0 days 00:00:20.702000,18.0,1,True
GAS,10,6.0,0 days 00:01:18.054000,2.0,MEDIUM,5.0,,,0 days 00:00:20.587000,0 days 00:00:36.799000,0 days 00:00:20.668000,18.0,1,True
GAS,10,7.0,0 days 00:01:19.262000,2.0,MEDIUM,6.0,,,0 days 00:00:20.844000,0 days 00:00:37.141000,0 days 00:00:21.277000,18.0,1,True
HAD,6,5.0,0 days 00:01:20.952000,1.0,MEDIUM,5.0,,,0 days 00:00:21.487000,0 days 00:00:37.886000,0 days 00:00:21.579000,5.0,1,True
HAD,6,6.0,0 days 00:01:20.143000,1.0,MEDIUM,6.0,,,0 days 00:00:21.128000,0 days 00:00:37.732000,0 days 00:00:21.283000,5.0,1,True
HAD,6,7.0,0 days 00:01:19.554000,1.0,MEDIUM,7.0,,,0 days 00:00:21.188000,0 days 00:00:37.515000,0 days 00:00:20.851000,5.0,1,True
HAD,6,8.0,0 days 00:01:18.388000,1.0,MEDIUM,8.0,,,0 days 00:00:20.558000,0 days 00:00:37.028000,0 days 00:00:20.802000,5.0,12,True
HAD,6,9.0,0 days 00:01:21.968000,1.0,MEDIUM,9.0,,,0 days 00:00:20.407000,0 days 00:00:40.855000,0 days 00:00:20.706000,5.0,2,True
HAD,6,10.0,0 days 00:01:18.529000,1.0,MEDIUM,10.0,,,0 days 00:00:20.280000,0 days 00:00:37.502000,0 days 00:00:20.747000,5.0,2,True
HAD,6,11.0,0 days 00:01:18.183000,1.0,MEDIUM,11.0,,,0 days 00:00:20.296000,0 days 00:00:37.410000,0 days 00:00:20.477000,5.0,21,True
HAD,6,12.0,0 days 00:01:17.376000,1.0,MEDIUM,12.0,,,0 days 00:00:20.247000,0 days 00:00:36.558000,0 days 00:00:20.571000,5.0,1,True
HAD,6,13.0,0 days 00:01:17.088000,1.0,MEDIUM,13.0,,,0 days 00:00:20.119000,0 days 00:00:36.443000,0 days 00:00:20.526000,5.0,1,True
HAD,6,16.0,0 days 00:01:15.981000,2.0,SOFT,5.0,,,0 days 00:00:19.975000,0 days 00:00:36.083000,0 days 00:00:19.923000,7.0,1,True
HAD,6,17.0,0 days 00:01:17.191000,2.0,SOFT,6.0,,,0 days 00:00:20.202000,0 days 00:00:36.545000,0 days 00:00:20.444000,6.0,1,True
HAD,6,18.0,0 days 00:01:16.372000,2.0,SOFT,7.0,,,0 days 00:00:20.160000,0 days 00:00:36.101000,0 days 00:00:20.111000,6.0,1,True
HAD,6,21.0,0 days 00:01:16.136000,3.0,HARD,3.0,,,0 days 00:00:19.898000,0 days 00:00:35.983000,0 days 00:00:20.255000,8.0,1,True
HAD,6,22.0,0 days 00:01:16.357000,3.0,HARD,4.0,,,0 days 00:00:19.932000,0 days 00:00:36.112000,0 days 00:00:20.313000,8.0,1,True
HAD,6,23.0,0 days 00:01:17.581000,3.0,HARD,5.0,,,0 days 00:00:20.117000,0 days 00:00:36.762000,0 days 00:00:20.702000,8.0,1,True
HAD,6,24.0,0 days 00:01:17.790000,3.0,HARD,6.0,,,0 days 00:00:19.968000,0 days 00:00:36.586000,0 days 00:00:21.236000,8.0,1,True
HAD,6,25.0,0 days 00:01:17.832000,3.0,HARD,7.0,,,0 days 00:00:20.335000,0 days 00:00:36.849000,0 days 00:00:20.648000,8.0,1,True
HAD,6,26.0,0 days 00:01:17.625000,3.0,HARD,8.0,,,0 days 00:00:20.194000,0 days 00:00:36.950000,0 days 00:00:20.481000,8.0,1,True
HAD,6,27.0,0 days 00:01:16.482000,3.0,HARD,9.0,,,0 days 00:00:19.724000,0 days 00:00:36.543000,0 days 00:00:20.215000,8.0,1,True
HAD,6,28.0,0 days 00:01:16.441000,3.0,HARD,10.0,,,0 days 00:00:19.951000,0 days 00:00:36.309000,0 days 00:00:20.181000,7.0,1,True
HAD,6,29.0,0 days 00:01:16.497000,3.0,HARD,11.0,,,0 days 00:00:19.831000,0 days 00:00:36.285000,0 days 00:00:20.381000,7.0,1,True
HAD,6,30.0,0 days 00:01:16.432000,3.0,HARD,12.0,,,0 days 00:00:19.889000,0 days 00:00:36.239000,0 days 00:00:20.304000,7.0,1,True
HAD,6,31.0,0 days 00:01:16.289000,3.0,HARD,13.0,,,0 days 00:00:19.827000,0 days 00:00:36.130000,0 days 00:00:20.332000,7.0,1,True
HAD,6,32.0,0 days 00:01:16.307000,3.0,HARD,14.0,,,0 days 00:00:19.810000,0 days 00:00:36.127000,0 days 00:00:20.370000,7.0,1,True
HAD,6,33.0,0 days 00:01:16.044000,3.0,HARD,15.0,,,0 days 00:00:19.804000,0 days 00:00:36.141000,0 days 00:00:20.099000,7.0,1,True
HAD,6,34.0,0 days 00:01:16.070000,3.0,HARD,16.0,,,0 days 00:00:19.811000,0 days 00:00:36.101000,0 days 00:00:20.158000,7.0,1,True
HAD,6,35.0,0 days 00:01:16.212000,3.0,HARD,17.0,,,0 days 00:00:19.814000,0 days 00:00:36.194000,0 days 00:00:20.204000,7.0,1,True
HAD,6,36.0,0 days 00:01:16.125000,3.0,HARD,18.0,,,0 days 00:00:19.783000,0 days 00:00:36.218000,0 days 00:00:20.124000,7.0,1,True
HAD,6,37.0,0 days 00:01:16.419000,3.0,HARD,19.0,,,0 days 00:00:19.747000,0 days 00:00:36.102000,0 days 00:00:20.570000,6.0,12,True
HAD,6,38.0,0 days 00:01:16.400000,3.0,HARD,20.0,,,0 days 00:00:19.769000,0 days 00:00:36.152000,0 days 00:00:20.479000,6.0,1,True
HAD,6,39.0,0 days 00:01:16.920000,3.0,HARD,21.0,,,0 days 00:00:19.898000,0 days 00:00:36.500000,0 days 00:00:20.522000,6.0,1,True
HAD,6,40.0,0 days 00:01:17.025000,3.0,HARD,22.0,,,0 days 00:00:19.863000,0 days 00:00:36.547000,0 days 00:00:20.615000,6.0,1,True
HAD,6,41.0,0 days 00:01:17.242000,3.0,HARD,23.0,,,0 days 00:00:20.169000,0 days 00:00:36.513000,0 days 00:00:20.560000,6.0,1,True
HAD,6,42.0,0 days 00:01:19.685000,3.0,HARD,24.0,,,0 days 00:00:21.772000,0 days 00:00:37.060000,0 days 00:00:20.853000,6.0,1,True
HAD,6,43.0,0 days 00:01:18.924000,3.0,HARD,25.0,,,0 days 00:00:22.162000,0 days 00:00:36.508000,0 days 00:00:20.254000,6.0,1,True
HAD,6,44.0,0 days 00:01:16.930000,3.0,HARD,26.0,,,0 days 00:00:20.066000,0 days 00:00:36.543000,0 days 00:00:20.321000,6.0,1,True
HAD,6,45.0,0 days 00:01:17.914000,3.0,HARD,27.0,,,0 days 00:00:20.068000,0 days 00:00:36.676000,0 days 00:00:21.170000,6.0,1,True
HAD,6,46.0,0 days 00:01:19.607000,3.0,HARD,28.0,,,0 days 00:00:22.021000,0 days 00:00:37.092000,0 days 00:00:20.494000,6.0,1,True
HAD,6,47.0,0 days 00:01:17.129000,3.0,HARD,29.0,,,0 days 00:00:20.099000,0 days 00:00:36.827000,0 days 00:00:20.203000,6.0,1,True
HAD,6,48.0,0 days 00:01:17.451000,3.0,HARD,30.0,,,0 days 00:00:20.143000,0 days 00:00:36.836000,0 days 00:00:20.472000,6.0,1,True
HAD,6,49.0,0 days 00:01:18.076000,3.0,HARD,31.0,,,0 days 00:00:20.707000,0 days 00:00:36.956000,0 days 00:00:20.413000,6.0,1,True
HAD,6,50.0,0 days 00:01:17.235000,3.0,HARD,32.0,,,0 days 00:00:20.268000,0 days 00:00:36.653000,0 days 00:00:20.314000,6.0,1,True
HAD,6,51.0,0 days 00:01:18.932000,3.0,HARD,33.0,,,0 days 00:00:20.291000,0 days 00:00:38.016000,0 days 00:00:20.625000,6.0,1,True
HAD,6,52.0,0 days 00:01:17.718000,3.0,HARD,34.0,,,0 days 00:00:20.522000,0 days 00:00:36.849000,0 days 00:00:20.347000,6.0,1,True
HAD,6,53.0,0 days 00:01:17.420000,3.0,HARD,35.0,,,0 days 00:00:20.171000,0 days 00:00:36.782000,0 days 00:00:20.467000,6.0,1,True
HAD,6,54.0,0 days 00:01:19.723000,3.0,HARD,36.0,,,0 days 00:00:20.266000,0 days 00:00:38.820000,0 days 00:00:20.637000,6.0,1,True
HAD,6,55.0,0 days 00:01:17.863000,3.0,HARD,37.0,,,0 days 00:00:20.214000,0 days 00:00:37.227000,0 days 00:00:20.422000,6.0,1,True
HAD,6,56.0,0 days 00:01:17.484000,3.0,HARD,38.0,,,0 days 00:00:20.294000,0 days 00:00:36.755000,0 days 00:00:20.435000,6.0,1,True
HAD,6,57.0,0 days 00:01:17.268000,3.0,HARD,39.0,,,0 days 00:00:20.225000,0 days 00:00:36.603000,0 days 00:00:20.440000,6.0,1,True
HAD,6,58.0,0 days 00:01:16.984000,3.0,HARD,40.0,,,0 days 00:00:20.097000,0 days 00:00:36.611000,0 days 00:00:20.276000,6.0,1,True
HAD,6,59.0,0 days 00:01:17.717000,3.0,HARD,41.0,,,0 days 00:00:20.225000,0 days 00:00:36.782000,0 days 00:00:20.710000,6.0,1,True
HAD,6,60.0,0 days 00:01:18.008000,3.0,HARD,42.0,,,0 days 00:00:20.393000,0 days 00:00:36.940000,0 days 00:00:20.675000,6.0,1,True
HAD,6,61.0,0 days 00:01:18.069000,3.0,HARD,43.0,,,0 days 00:00:20.475000,0 days 00:00:36.977000,0 days 00:00:20.617000,6.0,1,True
HAD,6,62.0,0 days 00:01:17.876000,3.0,HARD,44.0,,,0 days 00:00:20.414000,0 days 00:00:36.845000,0 days 00:00:20.617000,6.0,1,True
HAD,6,63.0,0 days 00:01:18.071000,3.0,HARD,45.0,,,0 days 00:00:20.527000,0 days 00:00:37.129000,0 days 00:00:20.415000,6.0,1,True
HAD,6,64.0,0 days 00:01:18.299000,3.0,HARD,46.0,,,0 days 00:00:20.454000,0 days 00:00:37.149000,0 days 00:00:20.696000,6.0,1,True
HAD,6,65.0,0 days 00:01:18.125000,3.0,HARD,47.0,,,0 days 00:00:20.452000,0 days 00:00:37.103000,0 days 00:00:20.570000,6.0,1,True
HAD,6,66.0,0 days 00:01:17.520000,3.0,HARD,48.0,,,0 days 00:00:20.189000,0 days 00:00:37.010000,0 days 00:00:20.321000,6.0,1,True
HAD,6,67.0,0 days 00:01:19.017000,3.0,HARD,49.0,,,0 days 00:00:21.332000,0 days 00:00:37.385000,0 days 00:00:20.300000,6.0,1,True
HAD,6,68.0,0 days 00:01:17.280000,3.0,HARD,50.0,,,0 days 00:00:20.208000,0 days 00:00:36.774000,0 days 00:00:20.298000,6.0,1,True
HAD,6,69.0,0 days 00:01:16.917000,3.0,HARD,51.0,,,0 days 00:00:20.138000,0 days 00:00:36.560000,0 days 00:00:20.219000,6.0,1,True
HAD,6,70.0,0 days 00:01:17.002000,3.0,HARD,52.0,,,0 days 00:00:20.205000,0 days 00:00:36.604000,0 days 00:00:20.193000,6.0,1,True
HAD,6,71.0,0 days 00:01:16.798000,3.0,HARD,53.0,,,0 days 00:00:20.057000,0 days 00:00:36.490000,0 days 00:00:20.251000,6.0,1,True
HAD,6,72.0,0 days 00:01:16.920000,3.0,HARD,54.0,,,0 days 00:00:20.115000,0 days 00:00:36.554000,0 days 00:00:20.251000,6.0,1,True
HAD,6,73.0,0 days 00:01:16.724000,3.0,HARD,55.0,,,0 days 00:00:19.935000,0 days 00:00:36.613000,0 days 00:00:20.176000,6.0,1,True
HAD,6,74.0,0 days 00:01:16.627000,3.0,HARD,56.0,,,0 days 00:00:19.887000,0 days 00:00:36.541000,0 days 00:00:20.199000,6.0,1,True
HAD,6,75.0,0 days 00:01:16.575000,3.0,HARD,57.0,,,0 days 00:00:19.982000,0 days 00:00:36.448000,0 days 00:00:20.145000,6.0,1,True
HAD,6,76.0,0 days 00:01:16.633000,3.0,HARD,58.0,,,0 days 00:00:19.879000,0 days 00:00:36.610000,0 days 00:00:20.144000,6.0,1,True
HAD,6,77.0,0 days 00:01:16.798000,3.0,HARD,59.0,,,0 days 00:00:19.946000,0 days 00:00:36.454000,0 days 00:00:20.398000,6.0,1,True
HAM,44,5.0,0 days 00:01:21.057000,1.0,HARD,5.0,,,0 days 00:00:21.429000,0 days 00:00:38.341000,0 days 00:00:21.287000,7.0,1,True
HAM,44,6.0,0 days 00:01:20.225000,1.0,HARD,6.0,,,0 days 00:00:21.356000,0 days 00:00:37.870000,0 days 00:00:20.999000,7.0,1,True
HAM,44,7.0,0 days 00:01:20.931000,1.0,HARD,7.0,,,0 days 00:00:21.656000,0 days 00:00:37.924000,0 days 00:00:21.351000,7.0,1,True
HAM,44,8.0,0 days 00:01:19.039000,1.0,HARD,8.0,,,0 days 00:00:21.005000,0 days 00:00:37.058000,0 days 00:00:20.976000,7.0,12,True
HAM,44,9.0,0 days 00:01:22.018000,1.0,HARD,9.0,,,0 days 00:00:20.362000,0 days 00:00:40.703000,0 days 00:00:20.953000,7.0,2,True
HAM,44,10.0,0 days 00:01:20.528000,1.0,HARD,10.0,,,0 days 00:00:20.252000,0 days 00:00:39.411000,0 days 00:00:20.865000,7.0,2,True
HAM,44,11.0,0 days 00:01:17.120000,1.0,HARD,11.0,,,0 days 00:00:20.216000,0 days 00:00:36.509000,0 days 00:00:20.395000,7.0,21,True
HAM,44,12.0,0 days 00:01:17.530000,1.0,HARD,12.0,,,0 days 00:00:20.524000,0 days 00:00:36.457000,0 days 00:00:20.549000,7.0,1,True
HAM,44,13.0,0 days 00:01:16.799000,1.0,HARD,13.0,,,0 days 00:00:20.185000,0 days 00:00:36.352000,0 days 00:00:20.262000,7.0,1,True
HAM,44,14.0,0 days 00:01:16.151000,1.0,HARD,14.0,,,0 days 00:00:19.982000,0 days 00:00:35.936000,0 days 00:00:20.233000,6.0,1,True
HAM,44,15.0,0 days 00:01:15.991000,1.0,HARD,15.0,,,0 days 00:00:19.869000,0 days 00:00:35.944000,0 days 00:00:20.178000,6.0,1,True
HAM,44,16.0,0 days 00:01:15.941000,1.0,HARD,16.0,,,0 days 00:00:19.798000,0 days 00:00:35.920000,0 days 00:00:20.223000,5.0,1,True
HAM,44,17.0,0 days 00:01:14.977000,1.0,HARD,17.0,,,0 days 00:00:19.740000,0 days 00:00:35.316000,0 days 00:00:19.921000,5.0,1,True
HAM,44,20.0,0 days 00:01:15.065000,2.0,HARD,3.0,,,0 days 00:00:19.671000,0 days 00:00:35.370000,0 days 00:00:20.024000,5.0,1,True
HAM,44,21.0,0 days 00:01:15.750000,2.0,HARD,4.0,,,0 days 00:00:19.882000,0 days 00:00:35.758000,0 days 00:00:20.110000,5.0,1,True
HAM,44,22.0,0 days 00:01:15.003000,2.0,HARD,5.0,,,0 days 00:00:19.655000,0 days 00:00:35.418000,0 days 00:00:19.930000,5.0,1,True
HAM,44,23.0,0 days 00:01:15.012000,2.0,HARD,6.0,,,0 days 00:00:19.570000,0 days 00:00:35.517000,0 days 00:00:19.925000,5.0,1,True
HAM,44,24.0,0 days 00:01:15.212000,2.0,HARD,7.0,,,0 days 00:00:19.816000,0 days 00:00:35.570000,0 days 00:00:19.826000,5.0,1,True
HAM,44,25.0,0 days 00:01:14.698000,2.0,HARD,8.0,,,0 days 00:00:19.489000,0 days 00:00:35.388000,0 days 00:00:19.821000,5.0,1,True
HAM,44,26.0,0 days 00:01:14.804000,2.0,HARD,9.0,,,0 days 00:00:19.527000,0 days 00:00:35.451000,0 days 00:00:19.826000,5.0,1,True
HAM,44,27.0,0 days 00:01:14.533000,2.0,HARD,10.0,,,0 days 00:00:19.391000,0 days 00:00:35.365000,0 days 00:00:19.777000,5.0,1,True
HAM,44,28.0,0 days 00:01:15.420000,2.0,HARD,11.0,,,0 days 00:00:19.455000,0 days 00:00:35.732000,0 days 00:00:20.233000,5.0,1,True
HAM,44,29.0,0 days 00:01:16.810000,2.0,HARD,12.0,,,0 days 00:00:20.314000,0 days 00:00:36.205000,0 days 00:00:20.291000,5.0,1,True
HAM,44,30.0,0 days 00:01:15.884000,2.0,HARD,13.0,,,0 days 00:00:19.801000,0 days 00:00:35.919000,0 days 00:00:20.164000,5.0,1,True
HAM,44,31.0,0 days 00:01:15.648000,2.0,HARD,14.0,,,0 days 00:00:19.912000,0 days 00:00:35.752000,0 days 00:00:19.984000,5.0,1,True
HAM,44,32.0,0 days 00:01:15.676000,2.0,HARD,15.0,,,0 days 00:00:19.715000,0 days 00:00:35.824000,0 days 00:00:20.137000,5.0,1,True
HAM,44,33.0,0 days 00:01:16.536000,2.0,HARD,16.0,,,0 days 00:00:19.759000,0 days 00:00:36.165000,0 days 00:00:20.612000,5.0,1,True
HAM,44,34.0,0 days 00:01:17.566000,2.0,HARD,17.0,,,0 days 00:00:20.517000,0 days 00:00:36.458000,0 days 00:00:20.591000,5.0,1,True
HAM,44,35.0,0 days 00:01:17.826000,2.0,HARD,18.0,,,0 days 00:00:20.193000,0 days 00:00:37.076000,0 days 00:00:20.557000,5.0,1,True
HAM,44,36.0,0 days 00:01:17.218000,2.0,HARD,19.0,,,0 days 00:00:20.209000,0 days 00:00:36.625000,0 days 00:00:20.384000,5.0,1,True
HAM,44,37.0,0 days 00:01:17.288000,2.0,HARD,20.0,,,0 days 00:00:20.131000,0 days 00:00:36.659000,0 days 00:00:20.498000,5.0,1,True
HAM,44,38.0,0 days 00:01:15.938000,2.0,HARD,21.0,,,0 days 00:00:19.928000,0 days 00:00:35.905000,0 days 00:00:20.105000,5.0,12,True
HAM,44,39.0,0 days 00:01:15.446000,2.0,HARD,22.0,,,0 days 00:00:19.841000,0 days 00:00:35.592000,0 days 00:00:20.013000,5.0,1,True
HAM,44,40.0,0 days 00:01:14.951000,2.0,HARD,23.0,,,0 days 00:00:19.584000,0 days 00:00:35.421000,0 days 00:00:19.946000,5.0,1,True
HAM,44,41.0,0 days 00:01:15.111000,2.0,HARD,24.0,,,0 days 00:00:19.770000,0 days 00:00:35.512000,0 days 00:00:19.829000,5.0,1,True
HAM,44,42.0,0 days 00:01:14.984000,2.0,HARD,25.0,,,0 days 00:00:19.619000,0 days 00:00:35.530000,0 days 00:00:19.835000,5.0,1,True
HAM,44,43.0,0 days 00:01:14.854000,2.0,HARD,26.0,,,0 days 00:00:19.655000,0 days 00:00:35.424000,0 days 00:00:19.775000,5.0,1,True
HAM,44,44.0,0 days 00:01:14.686000,2.0,HARD,27.0,,,0 days 00:00:19.570000,0 days 00:00:35.362000,0 days 00:00:19.754000,5.0,1,True
HAM,44,45.0,0 days 00:01:14.849000,2.0,HARD,28.0,,,0 days 00:00:19.555000,0 days 00:00:35.439000,0 days 00:00:19.855000,5.0,1,True
HAM,44,46.0,0 days 00:01:15.323000,2.0,HARD,29.0,,,0 days 00:00:19.592000,0 days 00:00:35.853000,0 days 00:00:19.878000,5.0,1,True
HAM,44,47.0,0 days 00:01:15.703000,2.0,HARD,30.0,,,0 days 00:00:19.797000,0 days 00:00:35.900000,0 days 00:00:20.006000,5.0,1,True
HAM,44,48.0,0 days 00:01:15.113000,2.0,HARD,31.0,,,0 days 00:00:19.552000,0 days 00:00:35.752000,0 days 00:00:19.809000,5.0,1,True
HAM,44,49.0,0 days 00:01:15.569000,2.0,HARD,32.0,,,0 days 00:00:19.765000,0 days 00:00:35.782000,0 days 00:00:20.022000,5.0,1,True
HAM,44,50.0,0 days 00:01:15.694000,2.0,HARD,33.0,,,0 days 00:00:19.834000,0 days 00:00:35.879000,0 days 00:00:19.981000,5.0,1,True
HAM,44,51.0,0 days 00:01:15.559000,2.0,HARD,34.0,,,0 days 00:00:19.808000,0 days 00:00:35.739000,0 days 00:00:20.012000,5.0,1,True
HAM,44,52.0,0 days 00:01:15.494000,2.0,HARD,35.0,,,0 days 00:00:19.599000,0 days 00:00:35.827000,0 days 00:00:20.068000,5.0,1,True
HAM,44,53.0,0 days 00:01:16.185000,2.0,HARD,36.0,,,0 days 00:00:19.757000,0 days 00:00:36.216000,0 days 00:00:20.212000,5.0,1,True
HAM,44,54.0,0 days 00:01:16.217000,2.0,HARD,37.0,,,0 days 00:00:19.791000,0 days 00:00:36.234000,0 days 00:00:20.192000,5.0,1,True
HAM,44,55.0,0 days 00:01:16.657000,2.0,HARD,38.0,,,0 days 00:00:19.882000,0 days 00:00:36.482000,0 days 00:00:20.293000,5.0,1,True
HAM,44,58.0,0 days 00:01:18.349000,3.0,MEDIUM,5.0,,,0 days 00:00:20.878000,0 days 00:00:36.850000,0 days 00:00:20.621000,5.0,1,True
HAM,44,59.0,0 days 00:01:16.686000,3.0,MEDIUM,6.0,,,0 days 00:00:20.387000,0 days 00:00:36.289000,0 days 00:00:20.010000,5.0,1,True
HAM,44,60.0,0 days 00:01:15.767000,3.0,MEDIUM,7.0,,,0 days 00:00:19.808000,0 days 00:00:35.796000,0 days 00:00:20.163000,5.0,1,True
HAM,44,61.0,0 days 00:01:15.431000,3.0,MEDIUM,8.0,,,0 days 00:00:19.785000,0 days 00:00:35.611000,0 days 00:00:20.035000,5.0,1,True
HAM,44,62.0,0 days 00:01:14.916000,3.0,MEDIUM,9.0,,,0 days 00:00:19.741000,0 days 00:00:35.469000,0 days 00:00:19.706000,5.0,1,True
HAM,44,63.0,0 days 00:01:14.193000,3.0,MEDIUM,10.0,,,0 days 00:00:19.356000,0 days 00:00:35.230000,0 days 00:00:19.607000,5.0,1,True
HAM,44,64.0,0 days 00:01:16.306000,3.0,MEDIUM,11.0,,,0 days 00:00:19.910000,0 days 00:00:36.092000,0 days 00:00:20.304000,5.0,1,True
HAM,44,65.0,0 days 00:01:16.238000,3.0,MEDIUM,12.0,,,0 days 00:00:19.955000,0 days 00:00:36.087000,0 days 00:00:20.196000,5.0,1,True
HAM,44,66.0,0 days 00:01:16.659000,3.0,MEDIUM,13.0,,,0 days 00:00:20.336000,0 days 00:00:36.083000,0 days 00:00:20.240000,5.0,1,True
HAM,44,67.0,0 days 00:01:16.016000,3.0,MEDIUM,14.0,,,0 days 00:00:19.962000,0 days 00:00:35.918000,0 days 00:00:20.136000,5.0,1,True
HAM,44,68.0,0 days 00:01:15.861000,3.0,MEDIUM,15.0,,,0 days 00:00:19.845000,0 days 00:00:35.721000,0 days 00:00:20.295000,5.0,1,True
HAM,44,69.0,0 days 00:01:15.585000,3.0,MEDIUM,16.0,,,0 days 00:00:19.902000,0 days 00:00:35.738000,0 days 00:00:19.945000,5.0,1,True
HAM,44,70.0,0 days 00:01:15.257000,3.0,MEDIUM,17.0,,,0 days 00:00:19.713000,0 days 00:00:35.619000,0 days 00:00:19.925000,5.0,1,True
HAM,44,71.0,0 days 00:01:15.088000,3.0,MEDIUM,18.0,,,0 days 00:00:19.603000,0 days 00:00:35.686000,0 days 00:00:19.799000,5.0,1,True
HAM,44,72.0,0 days 00:01:14.273000,3.0,MEDIUM,19.0,,,0 days 00:00:19.468000,0 days 00:00:35.182000,0 days 00:00:19.623000,5.0,1,True
HAM,44,73.0,0 days 00:01:14.090000,3.0,MEDIUM,20.0,,,0 days 00:00:19.375000,0 days 00:00:35.138000,0 days 00:00:19.577000,5.0,1,True
HAM,44,74.0,0 days 00:01:15.388000,3.0,MEDIUM,21.0,,,0 days 00:00:19.942000,0 days 00:00:35.506000,0 days 00:00:19.940000,5.0,1,True
HAM,44,75.0,0 days 00:01:16.317000,3.0,MEDIUM,22.0,,,0 days 00:00:20.032000,0 days 00:00:36.072000,0 days 00:00:20.213000,5.0,1,True
HAM,44,76.0,0 days 00:01:16.537000,3.0,MEDIUM,23.0,,,0 days 00:00:20.237000,0 days 00:00:35.895000,0 days 00:00:20.405000,5.0,1,True
HAM,44,77.0,0 days 00:01:16.522000,3.0,MEDIUM,24.0,,,0 days 00:00:20.474000,0 days 00:00:35.824000,0 days 00:00:20.224000,5.0,1,True
HAM,44,78.0,0 days 00:01:17.439000,3.0,MEDIUM,25.0,,,0 days 00:00:20.498000,0 days 00:00:36.035000,0 days 00:00:20.906000,5.0,1,True
HUL,27,5.0,0 days 00:01:20.475000,1.0,MEDIUM,5.0,,,0 days 00:00:21.179000,0 days 00:00:37.573000,0 days 00:00:21.723000,12.0,1,True
HUL,27,6.0,0 days 00:01:20.974000,1.0,MEDIUM,6.0,,,0 days 00:00:21.301000,0 days 00:00:37.833000,0 days 00:00:21.840000,12.0,1,True
HUL,27,7.0,0 days 00:01:21.264000,1.0,MEDIUM,7.0,,,0 days 00:00:21.405000,0 days 00:00:38.176000,0 days 00:00:21.683000,12.0,1,True
HUL,27,8.0,0 days 00:01:20.300000,1.0,MEDIUM,8.0,,,0 days 00:00:21.160000,0 days 00:00:37.853000,0 days 00:00:21.287000,12.0,12,True
HUL,27,9.0,0 days 00:01:24.031000,1.0,MEDIUM,9.0,,,0 days 00:00:21.082000,0 days 00:00:41.050000,0 days 00:00:21.899000,12.0,2,True
HUL,27,10.0,0 days 00:01:21.507000,1.0,MEDIUM,10.0,,,0 days 00:00:21.142000,0 days 00:00:38.955000,0 days 00:00:21.410000,12.0,2,True
HUL,27,11.0,0 days 00:01:19.404000,1.0,MEDIUM,11.0,,,0 days 00:00:20.899000,0 days 00:00:37.338000,0 days 00:00:21.167000,12.0,21,True
HUL,27,14.0,0 days 00:01:16.106000,2.0,HARD,2.0,,,0 days 00:00:20.278000,0 days 00:00:35.598000,0 days 00:00:20.230000,18.0,1,True
HUL,27,15.0,0 days 00:01:16.553000,2.0,HARD,3.0,,,0 days 00:00:20.234000,0 days 00:00:35.781000,0 days 00:00:20.538000,18.0,1,True
HUL,27,16.0,0 days 00:01:18.317000,2.0,HARD,4.0,,,0 days 00:00:20.418000,0 days 00:00:36.555000,0 days 00:00:21.344000,18.0,1,True
HUL,27,17.0,0 days 00:01:19.969000,2.0,HARD,5.0,,,0 days 00:00:21.133000,0 days 00:00:37.720000,0 days 00:00:21.116000,16.0,1,True
HUL,27,18.0,0 days 00:01:18.044000,2.0,HARD,6.0,,,0 days 00:00:20.535000,0 days 00:00:36.604000,0 days 00:00:20.905000,16.0,1,True
HUL,27,19.0,0 days 00:01:19.058000,2.0,HARD,7.0,,,0 days 00:00:20.794000,0 days 00:00:37.368000,0 days 00:00:20.896000,16.0,1,True
HUL,27,20.0,0 days 00:01:19.381000,2.0,HARD,8.0,,,0 days 00:00:20.840000,0 days 00:00:37.388000,0 days 00:00:21.153000,16.0,1,True
HUL,27,21.0,0 days 00:01:18.150000,2.0,HARD,9.0,,,0 days 00:00:20.547000,0 days 00:00:36.837000,0 days 00:00:20.766000,16.0,1,True
HUL,27,22.0,0 days 00:01:17.509000,2.0,HARD,10.0,,,0 days 00:00:20.326000,0 days 00:00:36.551000,0 days 00:00:20.632000,16.0,1,True
HUL,27,23.0,0 days 00:01:17.557000,2.0,HARD,11.0,,,0 days 00:00:20.432000,0 days 00:00:36.453000,0 days 00:00:20.672000,16.0,1,True
HUL,27,24.0,0 days 00:01:17.055000,2.0,HARD,12.0,,,0 days 00:00:20.271000,0 days 00:00:36.348000,0 days 00:00:20.436000,16.0,1,True
HUL,27,25.0,0 days 00:01:17.538000,2.0,HARD,13.0,,,0 days 00:00:20.238000,0 days 00:00:36.493000,0 days 00:00:20.807000,16.0,1,True
HUL,27,26.0,0 days 00:01:18.724000,2.0,HARD,14.0,,,0 days 00:00:20.551000,0 days 00:00:37.246000,0 days 00:00:20.927000,15.0,1,True
HUL,27,27.0,0 days 00:01:19.472000,2.0,HARD,15.0,,,0 days 00:00:20.449000,0 days 00:00:37.594000,0 days 00:00:21.429000,15.0,1,True
HUL,27,28.0,0 days 00:01:19.264000,2.0,HARD,16.0,,,0 days 00:00:20.775000,0 days 00:00:37.455000,0 days 00:00:21.034000,15.0,1,True
HUL,27,29.0,0 days 00:01:19.749000,2.0,HARD,17.0,,,0 days 00:00:20.750000,0 days 00:00:37.678000,0 days 00:00:21.321000,15.0,1,True
HUL,27,30.0,0 days 00:01:20.392000,2.0,HARD,18.0,,,0 days 00:00:21.069000,0 days 00:00:37.297000,0 days 00:00:22.026000,15.0,1,True
HUL,27,31.0,0 days 00:01:19.889000,2.0,HARD,19.0,,,0 days 00:00:21.016000,0 days 00:00:37.201000,0 days 00:00:21.672000,15.0,1,True
HUL,27,32.0,0 days 00:01:20.602000,2.0,HARD,20.0,,,0 days 00:00:21.130000,0 days 00:00:38.579000,0 days 00:00:20.893000,15.0,1,True
HUL,27,33.0,0 days 00:01:17.840000,2.0,HARD,21.0,,,0 days 00:00:20.205000,0 days 00:00:36.923000,0 days 00:00:20.712000,15.0,1,True
HUL,27,34.0,0 days 00:01:18.400000,2.0,HARD,22.0,,,0 days 00:00:20.679000,0 days 00:00:37.037000,0 days 00:00:20.684000,15.0,1,True
HUL,27,35.0,0 days 00:01:20.594000,2.0,HARD,23.0,,,0 days 00:00:21.263000,0 days 00:00:38.423000,0 days 00:00:20.908000,15.0,1,True
HUL,27,36.0,0 days 00:01:18.642000,2.0,HARD,24.0,,,0 days 00:00:20.560000,0 days 00:00:37.336000,0 days 00:00:20.746000,15.0,1,True
HUL,27,37.0,0 days 00:01:18.904000,2.0,HARD,25.0,,,0 days 00:00:20.712000,0 days 00:00:37.251000,0 days 00:00:20.941000,14.0,12,True
HUL,27,38.0,0 days 00:01:18.272000,2.0,HARD,26.0,,,0 days 00:00:20.613000,0 days 00:00:36.903000,0 days 00:00:20.756000,14.0,1,True
HUL,27,39.0,0 days 00:01:18.876000,2.0,HARD,27.0,,,0 days 00:00:20.745000,0 days 00:00:37.331000,0 days 00:00:20.800000,14.0,1,True
HUL,27,40.0,0 days 00:01:18.804000,2.0,HARD,28.0,,,0 days 00:00:20.641000,0 days 00:00:37.252000,0 days 00:00:20.911000,14.0,1,True
HUL,27,41.0,0 days 00:01:18.575000,2.0,HARD,29.0,,,0 days 00:00:20.621000,0 days 00:00:37.222000,0 days 00:00:20.732000,14.0,1,True
HUL,27,42.0,0 days 00:01:17.315000,2.0,HARD,30.0,,,0 days 00:00:20.294000,0 days 00:00:36.582000,0 days 00:00:20.439000,14.0,1,True
HUL,27,43.0,0 days 00:01:17.929000,2.0,HARD,31.0,,,0 days 00:00:20.324000,0 days 00:00:36.761000,0 days 00:00:20.844000,14.0,1,True
HUL,27,46.0,0 days 00:01:15.909000,3.0,SOFT,2.0,,,0 days 00:00:20.095000,0 days 00:00:35.808000,0 days 00:00:20.006000,18.0,1,True
HUL,27,47.0,0 days 00:01:15.223000,3.0,SOFT,3.0,,,0 days 00:00:19.847000,0 days 00:00:35.445000,0 days 00:00:19.931000,18.0,1,True
HUL,27,48.0,0 days 00:01:16.246000,3.0,SOFT,4.0,,,0 days 00:00:19.803000,0 days 00:00:35.795000,0 days 00:00:20.648000,18.0,1,True
HUL,27,49.0,0 days 00:01:18.676000,3.0,SOFT,5.0,,,0 days 00:00:20.245000,0 days 00:00:38.125000,0 days 00:00:20.306000,18.0,1,True
HUL,27,50.0,0 days 00:01:16.425000,3.0,SOFT,6.0,,,0 days 00:00:19.973000,0 days 00:00:36.019000,0 days 00:00:20.433000,18.0,1,True
HUL,27,51.0,0 days 00:01:21.177000,3.0,SOFT,7.0,,,0 days 00:00:20.784000,0 days 00:00:38.477000,0 days 00:00:21.916000,18.0,1,True
HUL,27,52.0,0 days 00:01:20.376000,3.0,SOFT,8.0,,,0 days 00:00:20.922000,0 days 00:00:38.242000,0 days 00:00:21.212000,18.0,1,True
HUL,27,53.0,0 days 00:01:19.628000,3.0,SOFT,9.0,,,0 days 00:00:22.092000,0 days 00:00:36.792000,0 days 00:00:20.744000,18.0,1,True
HUL,27,54.0,0 days 00:01:18.841000,3.0,SOFT,10.0,,,0 days 00:00:20.644000,0 days 00:00:37.121000,0 days 00:00:21.076000,18.0,1,True
HUL,27,55.0,0 days 00:01:19.155000,3.0,SOFT,11.0,,,0 days 00:00:20.854000,0 days 00:00:37.045000,0 days 00:00:21.256000,18.0,1,True
HUL,27,56.0,0 days 00:01:17.976000,3.0,SOFT,12.0,,,0 days 00:00:20.379000,0 days 00:00:37.013000,0 days 00:00:20.584000,18.0,1,True
HUL,27,57.0,0 days 00:01:18.661000,3.0,SOFT,13.0,,,0 days 00:00:20.495000,0 days 00:00:37.364000,0 days 00:00:20.802000,18.0,1,True
HUL,27,58.0,0 days 00:01:17.942000,3.0,SOFT,14.0,,,0 days 00:00:20.228000,0 days 00:00:36.833000,0 days 00:00:20.881000,18.0,1,True
HUL,27,59.0,0 days 00:01:19.287000,3.0,SOFT,15.0,,,0 days 00:00:20.549000,0 days 00:00:37.670000,0 days 00:00:21.068000,18.0,1,True
HUL,27,60.0,0 days 00:01:18.508000,3.0,SOFT,16.0,,,0 days 00:00:20.506000,0 days 00:00:37.023000,0 days 00:00:20.979000,18.0,1,True
HUL,27,61.0,0 days 00:01:19.041000,3.0,SOFT,17.0,,,0 days 00:00:20.753000,0 days 00:00:37.138000,0 days 00:00:21.150000,18.0,1,True
HUL,27,62.0,0 days 00:01:21.565000,3.0,SOFT,18.0,,,0 days 00:00:21.286000,0 days 00:00:39.825000,0 days 00:00:20.454000,18.0,1,True
HUL,27,63.0,0 days 00:01:19.206000,3.0,SOFT,19.0,,,0 days 00:00:20.165000,0 days 00:00:37.041000,0 days 00:00:22,18.0,1,True
HUL,27,64.0,0 days 00:01:20.147000,3.0,SOFT,20.0,,,0 days 00:00:22.377000,0 days 00:00:37.180000,0 days 00:00:20.590000,17.0,1,True
HUL,27,65.0,0 days 00:01:17.571000,3.0,SOFT,21.0,,,0 days 00:00:20.102000,0 days 00:00:36.833000,0 days 00:00:20.636000,17.0,1,True
HUL,27,66.0,0 days 00:01:16.934000,3.0,SOFT,22.0,,,0 days 00:00:20.041000,0 days 00:00:36.400000,0 days 00:00:20.493000,17.0,1,True
HUL,27,67.0,0 days 00:01:17.445000,3.0,SOFT,23.0,,,0 days 00:00:20.239000,0 days 00:00:36.586000,0 days 00:00:20.620000,17.0,1,True
HUL,27,68.0,0 days 00:01:17.717000,3.0,SOFT,24.0,,,0 days 00:00:20.337000,0 days 00:00:36.838000,0 days 00:00:20.542000,17.0,1,True
HUL,27,69.0,0 days 00:01:16.974000,3.0,SOFT,25.0,,,0 days 00:00:20.096000,0 days 00:00:36.552000,0 days 00:00:20.326000,16.0,1,True
HUL,27,70.0,0 days 00:01:16.741000,3.0,SOFT,26.0,,,0 days 00:00:19.901000,0 days 00:00:36.471000,0 days 00:00:20.369000,16.0,1,True
HUL,27,71.0,0 days 00:01:16.602000,3.0,SOFT,27.0,,,0 days 00:00:19.984000,0 days 00:00:36.394000,0 days 00:00:20.224000,16.0,1,True
HUL,27,72.0,0 days 00:01:16.682000,3.0,SOFT,28.0,,,0 days 00:00:19.880000,0 days 00:00:36.477000,0 days 00:00:20.325000,16.0,1,True
HUL,27,73.0,0 days 00:01:16.717000,3.0,SOFT,29.0,,,0 days 00:00:19.775000,0 days 00:00:36.564000,0 days 00:00:20.378000,15.0,1,True
HUL,27,74.0,0 days 00:01:17.411000,3.0,SOFT,30.0,,,0 days 00:00:20.161000,0 days 00:00:36.998000,0 days 00:00:20.252000,15.0,1,True
HUL,27,75.0,0 days 00:01:16.504000,3.0,SOFT,31.0,,,0 days 00:00:19.817000,0 days 00:00:36.349000,0 days 00:00:20.338000,15.0,1,True
HUL,27,76.0,0 days 00:01:18.954000,3.0,SOFT,32.0,,,0 days 00:00:19.883000,0 days 00:00:38.005000,0 days 00:00:21.066000,16.0,1,True
LAW,30,5.0,0 days 00:01:20.766000,1.0,MEDIUM,5.0,,,0 days 00:00:21.045000,0 days 00:00:38.201000,0 days 00:00:21.520000,9.0,1,True
LAW,30,6.0,0 days 00:01:21.542000,1.0,MEDIUM,6.0,,,0 days 00:00:21.104000,0 days 00:00:38.602000,0 days 00:00:21.836000,9.0,1,True
LAW,30,7.0,0 days 00:01:21.507000,1.0,MEDIUM,7.0,,,0 days 00:00:21.289000,0 days 00:00:38.596000,0 days 00:00:21.622000,9.0,1,True
LAW,30,8.0,0 days 00:01:20.351000,1.0,MEDIUM,8.0,,,0 days 00:00:21.281000,0 days 00:00:37.907000,0 days 00:00:21.163000,9.0,12,True
LAW,30,9.0,0 days 00:01:24.550000,1.0,MEDIUM,9.0,,,0 days 00:00:21.422000,0 days 00:00:40.956000,0 days 00:00:22.172000,9.0,2,True
LAW,30,10.0,0 days 00:01:21.421000,1.0,MEDIUM,10.0,,,0 days 00:00:21,0 days 00:00:38.952000,0 days 00:00:21.469000,9.0,2,True
LAW,30,11.0,0 days 00:01:19.348000,1.0,MEDIUM,11.0,,,0 days 00:00:21.014000,0 days 00:00:37.097000,0 days 00:00:21.237000,9.0,21,True
LAW,30,12.0,0 days 00:01:19.771000,1.0,MEDIUM,12.0,,,0 days 00:00:21.106000,0 days 00:00:37.574000,0 days 00:00:21.091000,9.0,1,True
LAW,30,13.0,0 days 00:01:19.391000,1.0,MEDIUM,13.0,,,0 days 00:00:21.022000,0 days 00:00:37.144000,0 days 00:00:21.225000,9.0,1,True
LAW,30,14.0,0 days 00:01:19.572000,1.0,MEDIUM,14.0,,,0 days 00:00:21.009000,0 days 00:00:37.429000,0 days 00:00:21.134000,9.0,1,True
LAW,30,15.0,0 days 00:01:20.161000,1.0,MEDIUM,15.0,,,0 days 00:00:20.998000,0 days 00:00:37.569000,0 days 00:00:21.594000,9.0,1,True
LAW,30,16.0,0 days 00:01:20.692000,1.0,MEDIUM,16.0,,,0 days 00:00:21.167000,0 days 00:00:37.979000,0 days 00:00:21.546000,9.0,1,True
LAW,30,17.0,0 days 00:01:20.979000,1.0,MEDIUM,17.0,,,0 days 00:00:21.431000,0 days 00:00:38.098000,0 days 00:00:21.450000,9.0,1,True
LAW,30,18.0,0 days 00:01:20.225000,1.0,MEDIUM,18.0,,,0 days 00:00:21.222000,0 days 00:00:37.553000,0 days 00:00:21.450000,9.0,1,True
LAW,30,19.0,0 days 00:01:19.333000,1.0,MEDIUM,19.0,,,0 days 00:00:21.081000,0 days 00:00:37.175000,0 days 00:00:21.077000,9.0,1,True
LAW,30,20.0,0 days 00:01:17.398000,1.0,MEDIUM,20.0,,,0 days 00:00:20.294000,0 days 00:00:36.493000,0 days 00:00:20.611000,9.0,1,True
LAW,30,21.0,0 days 00:01:17.057000,1.0,MEDIUM,21.0,,,0 days 00:00:20.061000,0 days 00:00:36.296000,0 days 00:00:20.700000,9.0,1,True
LAW,30,22.0,0 days 00:01:16.734000,1.0,MEDIUM,22.0,,,0 days 00:00:19.919000,0 days 00:00:36.276000,0 days 00:00:20.539000,9.0,1,True
LAW,30,23.0,0 days 00:01:16.784000,1.0,MEDIUM,23.0,,,0 days 00:00:19.996000,0 days 00:00:36.201000,0 days 00:00:20.587000,9.0,1,True
LAW,30,24.0,0 days 00:01:16.712000,1.0,MEDIUM,24.0,,,0 days 00:00:19.929000,0 days 00:00:36.257000,0 days 00:00:20.526000,9.0,1,True
LAW,30,25.0,0 days 00:01:17.590000,1.0,MEDIUM,25.0,,,0 days 00:00:20.165000,0 days 00:00:36.565000,0 days 00:00:20.860000,9.0,1,True
LAW,30,26.0,0 days 00:01:17.456000,1.0,MEDIUM,26.0,,,0 days 00:00:20.130000,0 days 00:00:36.570000,0 days 00:00:20.756000,9.0,1,True
LAW,30,27.0,0 days 00:01:17.040000,1.0,MEDIUM,27.0,,,0 days 00:00:20.094000,0 days 00:00:36.398000,0 days 00:00:20.548000,9.0,1,True
LAW,30,28.0,0 days 00:01:16.902000,1.0,MEDIUM,28.0,,,0 days 00:00:19.869000,0 days 00:00:36.507000,0 days 00:00:20.526000,8.0,1,True
LAW,30,29.0,0 days 00:01:16.740000,1.0,MEDIUM,29.0,,,0 days 00:00:19.992000,0 days 00:00:36.181000,0 days 00:00:20.567000,8.0,1,True
LAW,30,30.0,0 days 00:01:16.607000,1.0,MEDIUM,30.0,,,0 days 00:00:19.968000,0 days 00:00:36.144000,0 days 00:00:20.495000,8.0,1,True
LAW,30,33.0,0 days 00:01:18.285000,2.0,SOFT,5.0,,,0 days 00:00:19.969000,0 days 00:00:37.759000,0 days 00:00:20.557000,9.0,1,True
LAW,30,34.0,0 days 00:01:16.425000,2.0,SOFT,6.0,,,0 days 00:00:19.918000,0 days 00:00:36.008000,0 days 00:00:20.499000,9.0,1,True
LAW,30,35.0,0 days 00:01:15.942000,2.0,SOFT,7.0,,,0 days 00:00:19.921000,0 days 00:00:35.851000,0 days 00:00:20.170000,9.0,1,True
LAW,30,36.0,0 days 00:01:20.271000,2.0,SOFT,8.0,,,0 days 00:00:20.002000,0 days 00:00:39.629000,0 days 00:00:20.640000,9.0,1,True
LAW,30,37.0,0 days 00:01:15.890000,2.0,SOFT,9.0,,,0 days 00:00:19.855000,0 days 00:00:35.845000,0 days 00:00:20.190000,8.0,12,True
LAW,30,38.0,0 days 00:01:15.964000,2.0,SOFT,10.0,,,0 days 00:00:19.821000,0 days 00:00:35.828000,0 days 00:00:20.315000,8.0,1,True
LAW,30,39.0,0 days 00:01:15.800000,2.0,SOFT,11.0,,,0 days 00:00:19.752000,0 days 00:00:35.808000,0 days 00:00:20.240000,8.0,1,True
LAW,30,42.0,0 days 00:01:16.743000,3.0,HARD,3.0,,,0 days 00:00:20.172000,0 days 00:00:36.194000,0 days 00:00:20.377000,8.0,1,True
LAW,30,43.0,0 days 00:01:15.931000,3.0,HARD,4.0,,,0 days 00:00:20.005000,0 days 00:00:35.849000,0 days 00:00:20.077000,8.0,1,True
LAW,30,44.0,0 days 00:01:15.958000,3.0,HARD,5.0,,,0 days 00:00:19.907000,0 days 00:00:35.887000,0 days 00:00:20.164000,8.0,1,True
LAW,30,45.0,0 days 00:01:15.605000,3.0,HARD,6.0,,,0 days 00:00:19.843000,0 days 00:00:35.712000,0 days 00:00:20.050000,8.0,1,True
LAW,30,46.0,0 days 00:01:15.476000,3.0,HARD,7.0,,,0 days 00:00:19.708000,0 days 00:00:35.676000,0 days 00:00:20.092000,8.0,1,True
LAW,30,47.0,0 days 00:01:15.461000,3.0,HARD,8.0,,,0 days 00:00:19.782000,0 days 00:00:35.669000,0 days 00:00:20.010000,8.0,1,True
LAW,30,48.0,0 days 00:01:15.418000,3.0,HARD,9.0,,,0 days 00:00:19.703000,0 days 00:00:35.667000,0 days 00:00:20.048000,8.0,1,True
LAW,30,49.0,0 days 00:01:15.567000,3.0,HARD,10.0,,,0 days 00:00:19.721000,0 days 00:00:35.776000,0 days 00:00:20.070000,8.0,1,True
LAW,30,50.0,0 days 00:01:15.479000,3.0,HARD,11.0,,,0 days 00:00:19.727000,0 days 00:00:35.700000,0 days 00:00:20.052000,8.0,1,True
LAW,30,51.0,0 days 00:01:15.399000,3.0,HARD,12.0,,,0 days 00:00:19.658000,0 days 00:00:35.669000,0 days 00:00:20.072000,8.0,1,True
LAW,30,52.0,0 days 00:01:15.377000,3.0,HARD,13.0,,,0 days 00:00:19.641000,0 days 00:00:35.684000,0 days 00:00:20.052000,8.0,1,True
LAW,30,53.0,0 days 00:01:15.356000,3.0,HARD,14.0,,,0 days 00:00:19.614000,0 days 00:00:35.723000,0 days 00:00:20.019000,8.0,1,True
LAW,30,54.0,0 days 00:01:15.321000,3.0,HARD,15.0,,,0 days 00:00:19.595000,0 days 00:00:35.608000,0 days 00:00:20.118000,8.0,1,True
LAW,30,55.0,0 days 00:01:15.597000,3.0,HARD,16.0,,,0 days 00:00:19.775000,0 days 00:00:35.737000,0 days 00:00:20.085000,8.0,1,True
LAW,30,56.0,0 days 00:01:16.960000,3.0,HARD,17.0,,,0 days 00:00:20.045000,0 days 00:00:36.329000,0 days 00:00:20.586000,8.0,1,True
LAW,30,57.0,0 days 00:01:16.583000,3.0,HARD,18.0,,,0 days 00:00:19.978000,0 days 00:00:36.270000,0 days 00:00:20.335000,8.0,1,True
LAW,30,58.0,0 days 00:01:17.684000,3.0,HARD,19.0,,,0 days 00:00:20.181000,0 days 00:00:36.889000,0 days 00:00:20.614000,8.0,1,True
LAW,30,59.0,0 days 00:01:16.772000,3.0,HARD,20.0,,,0 days 00:00:19.898000,0 days 00:00:36.409000,0 days 00:00:20.465000,8.0,1,True
LAW,30,60.0,0 days 00:01:16.672000,3.0,HARD,21.0,,,0 days 00:00:20.039000,0 days 00:00:36.163000,0 days 00:00:20.470000,8.0,1,True
LAW,30,61.0,0 days 00:01:16.173000,3.0,HARD,22.0,,,0 days 00:00:19.729000,0 days 00:00:36.154000,0 days 00:00:20.290000,8.0,1,True
LAW,30,62.0,0 days 00:01:16.864000,3.0,HARD,23.0,,,0 days 00:00:20.054000,0 days 00:00:36.317000,0 days 00:00:20.493000,8.0,1,True
LAW,30,63.0,0 days 00:01:17.611000,3.0,HARD,24.0,,,0 days 00:00:20.422000,0 days 00:00:36.715000,0 days 00:00:20.474000,8.0,1,True
LAW,30,64.0,0 days 00:01:17.155000,3.0,HARD,25.0,,,0 days 00:00:19.925000,0 days 00:00:36.440000,0 days 00:00:20.790000,8.0,1,True
LAW,30,65.0,0 days 00:01:19.159000,3.0,HARD,26.0,,,0 days 00:00:20.151000,0 days 00:00:38.513000,0 days 00:00:20.495000,8.0,1,True
LAW,30,66.0,0 days 00:01:16.955000,3.0,HARD,27.0,,,0 days 00:00:20.110000,0 days 00:00:36.410000,0 days 00:00:20.435000,8.0,1,True
LAW,30,67.0,0 days 00:01:17.409000,3.0,HARD,28.0,,,0 days 00:00:19.962000,0 days 00:00:36.708000,0 days 00:00:20.739000,8.0,1,True
LAW,30,68.0,0 days 00:01:17.363000,3.0,HARD,29.0,,,0 days 00:00:20.038000,0 days 00:00:36.728000,0 days 00:00:20.597000,8.0,1,True
LAW,30,69.0,0 days 00:01:17.136000,3.0,HARD,30.0,,,0 days 00:00:20.175000,0 days 00:00:36.461000,0 days 00:00:20.500000,8.0,1,True
LAW,30,70.0,0 days 00:01:16.905000,3.0,HARD,31.0,,,0 days 00:00:19.995000,0 days 00:00:36.432000,0 days 00:00:20.478000,8.0,1,True
LAW,30,71.0,0 days 00:01:17.053000,3.0,HARD,32.0,,,0 days 00:00:20.087000,0 days 00:00:36.603000,0 days 00:00:20.363000,8.0,1,True
LAW,30,72.0,0 days 00:01:16.392000,3.0,HARD,33.0,,,0 days 00:00:19.828000,0 days 00:00:36.395000,0 days 00:00:20.169000,8.0,1,True
LAW,30,73.0,0 days 00:01:16.597000,3.0,HARD,34.0,,,0 days 00:00:19.964000,0 days 00:00:36.373000,0 days 00:00:20.260000,8.0,1,True
LAW,30,74.0,0 days 00:01:17.066000,3.0,HARD,35.0,,,0 days 00:00:19.933000,0 days 00:00:36.603000,0 days 00:00:20.530000,8.0,1,True
LAW,30,75.0,0 days 00:01:16.757000,3.0,HARD,36.0,,,0 days 00:00:20.085000,0 days 00:00:36.347000,0 days 00:00:20.325000,8.0,1,True
LAW,30,76.0,0 days 00:01:16.028000,3.0,HARD,37.0,,,0 days 00:00:19.792000,0 days 00:00:36.049000,0 days 00:00:20.187000,8.0,1,True
LAW,30,77.0,0 days 00:01:16.630000,3.0,HARD,38.0,,,0 days 00:00:19.908000,0 days 00:00:36.206000,0 days 00:00:20.516000,8.0,1,True
LEC,16,5.0,0 days 00:01:18.801000,1.0,MEDIUM,5.0,,,0 days 00:00:20.597000,0 days 00:00:37.317000,0 days 00:00:20.887000,2.0,1,True
LEC,16,6.0,0 days 00:01:19.267000,1.0,MEDIUM,6.0,,,0 days 00:00:20.621000,0 days 00:00:37.804000,0 days 00:00:20.842000,2.0,1,True
LEC,16,7.0,0 days 00:01:18.656000,1.0,MEDIUM,7.0,,,0 days 00:00:20.633000,0 days 00:00:37.281000,0 days 00:00:20.742000,2.0,1,True
LEC,16,8.0,0 days 00:01:17.990000,1.0,MEDIUM,8.0,,,0 days 00:00:20.357000,0 days 00:00:36.978000,0 days 00:00:20.655000,2.0,12,True
LEC,16,9.0,0 days 00:01:21.212000,1.0,MEDIUM,9.0,,,0 days 00:00:20.351000,0 days 00:00:39.971000,0 days 00:00:20.890000,2.0,2,True
LEC,16,10.0,0 days 00:01:19.912000,1.0,MEDIUM,10.0,,,0 days 00:00:20.059000,0 days 00:00:38.874000,0 days 00:00:20.979000,2.0,2,True
LEC,16,11.0,0 days 00:01:19.890000,1.0,MEDIUM,11.0,,,0 days 00:00:20.125000,0 days 00:00:39.049000,0 days 00:00:20.716000,2.0,21,True
LEC,16,12.0,0 days 00:01:16.439000,1.0,MEDIUM,12.0,,,0 days 00:00:20.313000,0 days 00:00:35.908000,0 days 00:00:20.218000,2.0,1,True
LEC,16,13.0,0 days 00:01:16.207000,1.0,MEDIUM,13.0,,,0 days 00:00:19.961000,0 days 00:00:36.049000,0 days 00:00:20.197000,2.0,1,True
LEC,16,14.0,0 days 00:01:16.630000,1.0,MEDIUM,14.0,,,0 days 00:00:20.011000,0 days 00:00:36.164000,0 days 00:00:20.455000,2.0,1,True
LEC,16,15.0,0 days 00:01:16.042000,1.0,MEDIUM,15.0,,,0 days 00:00:19.885000,0 days 00:00:35.894000,0 days 00:00:20.263000,2.0,1,True
LEC,16,16.0,0 days 00:01:15.743000,1.0,MEDIUM,16.0,,,0 days 00:00:19.822000,0 days 00:00:35.824000,0 days 00:00:20.097000,2.0,1,True
LEC,16,17.0,0 days 00:01:15.268000,1.0,MEDIUM,17.0,,,0 days 00:00:19.763000,0 days 00:00:35.624000,0 days 00:00:19.881000,2.0,1,True
LEC,16,18.0,0 days 00:01:14.821000,1.0,MEDIUM,18.0,,,0 days 00:00:19.559000,0 days 00:00:35.385000,0 days 00:00:19.877000,2.0,1,True
LEC,16,19.0,0 days 00:01:15.516000,1.0,MEDIUM,19.0,,,0 days 00:00:19.547000,0 days 00:00:35.916000,0 days 00:00:20.053000,1.0,1,True
LEC,16,20.0,0 days 00:01:14.807000,1.0,MEDIUM,20.0,,,0 days 00:00:19.437000,0 days 00:00:35.334000,0 days 00:00:20.036000,1.0,1,True
LEC,16,21.0,0 days 00:01:15.782000,1.0,MEDIUM,21.0,,,0 days 00:00:19.631000,0 days 00:00:36.113000,0 days 00:00:20.038000,1.0,1,True
LEC,16,24.0,0 days 00:01:16.020000,2.0,HARD,2.0,,,0 days 00:00:19.794000,0 days 00:00:36.084000,0 days 00:00:20.142000,3.0,1,True
LEC,16,25.0,0 days 00:01:14.618000,2.0,HARD,3.0,,,0 days 00:00:19.451000,0 days 00:00:35.251000,0 days 00:00:19.916000,3.0,1,True
LEC,16,26.0,0 days 00:01:14.714000,2.0,HARD,4.0,,,0 days 00:00:19.421000,0 days 00:00:35.402000,0 days 00:00:19.891000,3.0,1,True
LEC,16,27.0,0 days 00:01:14.819000,2.0,HARD,5.0,,,0 days 00:00:19.384000,0 days 00:00:35.463000,0 days 00:00:19.972000,3.0,1,True
LEC,16,28.0,0 days 00:01:14.849000,2.0,HARD,6.0,,,0 days 00:00:19.425000,0 days 00:00:35.519000,0 days 00:00:19.905000,2.0,1,True
LEC,16,29.0,0 days 00:01:14.205000,2.0,HARD,7.0,,,0 days 00:00:19.391000,0 days 00:00:35.168000,0 days 00:00:19.646000,2.0,1,True
LEC,16,30.0,0 days 00:01:15.131000,2.0,HARD,8.0,,,0 days 00:00:19.432000,0 days 00:00:35.598000,0 days 00:00:20.101000,2.0,1,True
LEC,16,31.0,0 days 00:01:16.773000,2.0,HARD,9.0,,,0 days 00:00:19.539000,0 days 00:00:36.835000,0 days 00:00:20.399000,2.0,1,True
LEC,16,32.0,0 days 00:01:16.418000,2.0,HARD,10.0,,,0 days 00:00:19.948000,0 days 00:00:36.351000,0 days 00:00:20.119000,2.0,1,True
LEC,16,33.0,0 days 00:01:15.515000,2.0,HARD,11.0,,,0 days 00:00:19.733000,0 days 00:00:35.914000,0 days 00:00:19.868000,2.0,1,True
LEC,16,34.0,0 days 00:01:14.980000,2.0,HARD,12.0,,,0 days 00:00:19.548000,0 days 00:00:35.618000,0 days 00:00:19.814000,2.0,1,True
LEC,16,35.0,0 days 00:01:14.349000,2.0,HARD,13.0,,,0 days 00:00:19.304000,0 days 00:00:35.311000,0 days 00:00:19.734000,2.0,1,True
LEC,16,36.0,0 days 00:01:14.055000,2.0,HARD,14.0,,,0 days 00:00:19.337000,0 days 00:00:35.063000,0 days 00:00:19.655000,2.0,1,True
LEC,16,37.0,0 days 00:01:14.105000,2.0,HARD,15.0,,,0 days 00:00:19.251000,0 days 00:00:35.202000,0 days 00:00:19.652000,2.0,1,True
LEC,16,38.0,0 days 00:01:14.570000,2.0,HARD,16.0,,,0 days 00:00:19.364000,0 days 00:00:35.376000,0 days 00:00:19.830000,2.0,12,True
LEC,16,39.0,0 days 00:01:14.140000,2.0,HARD,17.0,,,0 days 00:00:19.278000,0 days 00:00:35.190000,0 days 00:00:19.672000,2.0,1,True
LEC,16,40.0,0 days 00:01:14.056000,2.0,HARD,18.0,,,0 days 00:00:19.219000,0 days 00:00:35.094000,0 days 00:00:19.743000,2.0,1,True
LEC,16,41.0,0 days 00:01:14.835000,2.0,HARD,19.0,,,0 days 00:00:19.418000,0 days 00:00:35.406000,0 days 00:00:20.011000,2.0,1,True
LEC,16,42.0,0 days 00:01:15.133000,2.0,HARD,20.0,,,0 days 00:00:19.694000,0 days 00:00:35.573000,0 days 00:00:19.866000,2.0,1,True
LEC,16,43.0,0 days 00:01:14.556000,2.0,HARD,21.0,,,0 days 00:00:19.410000,0 days 00:00:35.327000,0 days 00:00:19.819000,2.0,1,True
LEC,16,44.0,0 days 00:01:14.265000,2.0,HARD,22.0,,,0 days 00:00:19.419000,0 days 00:00:35.154000,0 days 00:00:19.692000,2.0,1,True
LEC,16,45.0,0 days 00:01:14.210000,2.0,HARD,23.0,,,0 days 00:00:19.302000,0 days 00:00:35.232000,0 days 00:00:19.676000,2.0,1,True
LEC,16,46.0,0 days 00:01:14.339000,2.0,HARD,24.0,,,0 days 00:00:19.390000,0 days 00:00:35.275000,0 days 00:00:19.674000,2.0,1,True
LEC,16,47.0,0 days 00:01:14.534000,2.0,HARD,25.0,,,0 days 00:00:19.397000,0 days 00:00:35.357000,0 days 00:00:19.780000,2.0,1,True
LEC,16,48.0,0 days 00:01:14.731000,2.0,HARD,26.0,,,0 days 00:00:19.359000,0 days 00:00:35.489000,0 days 00:00:19.883000,2.0,1,True
LEC,16,51.0,0 days 00:01:14.368000,3.0,MEDIUM,5.0,,,0 days 00:00:19.521000,0 days 00:00:35.290000,0 days 00:00:19.557000,3.0,1,True
LEC,16,52.0,0 days 00:01:14.421000,3.0,MEDIUM,6.0,,,0 days 00:00:19.356000,0 days 00:00:35.143000,0 days 00:00:19.922000,3.0,1,True
LEC,16,53.0,0 days 00:01:15.407000,3.0,MEDIUM,7.0,,,0 days 00:00:19.479000,0 days 00:00:35.548000,0 days 00:00:20.380000,3.0,1,True
LEC,16,54.0,0 days 00:01:17.108000,3.0,MEDIUM,8.0,,,0 days 00:00:19.712000,0 days 00:00:37.217000,0 days 00:00:20.179000,3.0,1,True
LEC,16,55.0,0 days 00:01:14.497000,3.0,MEDIUM,9.0,,,0 days 00:00:19.395000,0 days 00:00:35.412000,0 days 00:00:19.690000,3.0,1,True
LEC,16,56.0,0 days 00:01:14.342000,3.0,MEDIUM,10.0,,,0 days 00:00:19.516000,0 days 00:00:35.049000,0 days 00:00:19.777000,3.0,1,True
LEC,16,57.0,0 days 00:01:14.442000,3.0,MEDIUM,11.0,,,0 days 00:00:19.432000,0 days 00:00:35.253000,0 days 00:00:19.757000,3.0,1,True
LEC,16,58.0,0 days 00:01:14.566000,3.0,MEDIUM,12.0,,,0 days 00:00:19.382000,0 days 00:00:35.370000,0 days 00:00:19.814000,3.0,1,True
LEC,16,59.0,0 days 00:01:14.707000,3.0,MEDIUM,13.0,,,0 days 00:00:19.482000,0 days 00:00:35.396000,0 days 00:00:19.829000,3.0,1,True
LEC,16,60.0,0 days 00:01:15.441000,3.0,MEDIUM,14.0,,,0 days 00:00:19.586000,0 days 00:00:35.761000,0 days 00:00:20.094000,3.0,1,True
LEC,16,61.0,0 days 00:01:15.405000,3.0,MEDIUM,15.0,,,0 days 00:00:19.841000,0 days 00:00:35.716000,0 days 00:00:19.848000,3.0,1,True
LEC,16,62.0,0 days 00:01:15.646000,3.0,MEDIUM,16.0,,,0 days 00:00:19.728000,0 days 00:00:35.895000,0 days 00:00:20.023000,3.0,1,True
LEC,16,63.0,0 days 00:01:15.365000,3.0,MEDIUM,17.0,,,0 days 00:00:19.608000,0 days 00:00:35.805000,0 days 00:00:19.952000,3.0,1,True
LEC,16,64.0,0 days 00:01:15.269000,3.0,MEDIUM,18.0,,,0 days 00:00:19.472000,0 days 00:00:35.768000,0 days 00:00:20.029000,3.0,1,True
LEC,16,65.0,0 days 00:01:15.395000,3.0,MEDIUM,19.0,,,0 days 00:00:19.567000,0 days 00:00:35.972000,0 days 00:00:19.856000,3.0,1,True
LEC,16,66.0,0 days 00:01:14.915000,3.0,MEDIUM,20.0,,,0 days 00:00:19.627000,0 days 00:00:35.498000,0 days 00:00:19.790000,3.0,1,True
LEC,16,67.0,0 days 00:01:14.925000,3.0,MEDIUM,21.0,,,0 days 00:00:19.537000,0 days 00:00:35.464000,0 days 00:00:19.924000,3.0,1,True
LEC,16,68.0,0 days 00:01:15.636000,3.0,MEDIUM,22.0,,,0 days 00:00:19.577000,0 days 00:00:35.956000,0 days 00:00:20.103000,3.0,1,True
LEC,16,69.0,0 days 00:01:16.104000,3.0,MEDIUM,23.0,,,0 days 00:00:19.867000,0 days 00:00:36.076000,0 days 00:00:20.161000,3.0,1,True
LEC,16,70.0,0 days 00:01:16.050000,3.0,MEDIUM,24.0,,,0 days 00:00:19.699000,0 days 00:00:36.094000,0 days 00:00:20.257000,3.0,1,True
LEC,16,71.0,0 days 00:01:16.310000,3.0,MEDIUM,25.0,,,0 days 00:00:19.751000,0 days 00:00:36.139000,0 days 00:00:20.420000,3.0,1,True
LEC,16,72.0,0 days 00:01:16.479000,3.0,MEDIUM,26.0,,,0 days 00:00:19.908000,0 days 00:00:36.334000,0 days 00:00:20.237000,3.0,1,True
LEC,16,73.0,0 days 00:01:16.349000,3.0,MEDIUM,27.0,,,0 days 00:00:19.900000,0 days 00:00:36.260000,0 days 00:00:20.189000,3.0,1,True
LEC,16,74.0,0 days 00:01:16.248000,3.0,MEDIUM,28.0,,,0 days 00:00:19.738000,0 days 00:00:36.264000,0 days 00:00:20.246000,3.0,1,True
LEC,16,75.0,0 days 00:01:16.343000,3.0,MEDIUM,29.0,,,0 days 00:00:19.854000,0 days 00:00:36.252000,0 days 00:00:20.237000,3.0,1,True
LEC,16,76.0,0 days 00:01:15.963000,3.0,MEDIUM,30.0,,,0 days 00:00:19.602000,0 days 00:00:36.078000,0 days 00:00:20.283000,3.0,1,True
LEC,16,77.0,0 days 00:01:16.110000,3.0,MEDIUM,31.0,,,0 days 00:00:19.785000,0 days 00:00:36.111000,0 days 00:00:20.214000,2.0,1,True
LEC,16,78.0,0 days 00:01:15.369000,3.0,MEDIUM,32.0,,,0 days 00:00:19.466000,0 days 00:00:35.723000,0 days 00:00:20.180000,2.0,1,True
NOR,4,5.0,0 days 00:01:18.050000,1.0,MEDIUM,5.0,,,0 days 00:00:20.559000,0 days 00:00:36.559000,0 days 00:00:20.932000,1.0,1,True
NOR,4,6.0,0 days 00:01:19.172000,1.0,MEDIUM,6.0,,,0 days 00:00:20.643000,0 days 00:00:37.367000,0 days 00:00:21.162000,1.0,1,True
NOR,4,7.0,0 days 00:01:18.470000,1.0,MEDIUM,7.0,,,0 days 00:00:20.536000,0 days 00:00:37.171000,0 days 00:00:20.763000,1.0,1,True
NOR,4,8.0,0 days 00:01:17.626000,1.0,MEDIUM,8.0,,,0 days 00:00:20.324000,0 days 00:00:36.551000,0 days 00:00:20.751000,1.0,12,True
NOR,4,9.0,0 days 00:01:22.148000,1.0,MEDIUM,9.0,,,0 days 00:00:20.524000,0 days 00:00:40.374000,0 days 00:00:21.250000,1.0,2,True
NOR,4,10.0,0 days 00:01:20.385000,1.0,MEDIUM,10.0,,,0 days 00:00:20.486000,0 days 00:00:38.781000,0 days 00:00:21.118000,1.0,2,True
NOR,4,11.0,0 days 00:01:19.771000,1.0,MEDIUM,11.0,,,0 days 00:00:20.086000,0 days 00:00:38.999000,0 days 00:00:20.686000,1.0,21,True
NOR,4,12.0,0 days 00:01:16.300000,1.0,MEDIUM,12.0,,,0 days 00:00:20.126000,0 days 00:00:35.936000,0 days 00:00:20.238000,1.0,1,True
NOR,4,13.0,0 days 00:01:15.988000,1.0,MEDIUM,13.0,,,0 days 00:00:20.017000,0 days 00:00:35.712000,0 days 00:00:20.259000,1.0,1,True
NOR,4,14.0,0 days 00:01:16.122000,1.0,MEDIUM,14.0,,,0 days 00:00:19.931000,0 days 00:00:35.991000,0 days 00:00:20.200000,1.0,1,True
NOR,4,15.0,0 days 00:01:15.673000,1.0,MEDIUM,15.0,,,0 days 00:00:19.875000,0 days 00:00:35.541000,0 days 00:00:20.257000,1.0,1,True
NOR,4,16.0,0 days 00:01:14.914000,1.0,MEDIUM,16.0,,,0 days 00:00:19.840000,0 days 00:00:35.192000,0 days 00:00:19.882000,1.0,1,True
NOR,4,17.0,0 days 00:01:14.659000,1.0,MEDIUM,17.0,,,0 days 00:00:19.718000,0 days 00:00:35.035000,0 days 00:00:19.906000,1.0,1,True
NOR,4,18.0,0 days 00:01:15.280000,1.0,MEDIUM,18.0,,,0 days 00:00:19.776000,0 days 00:00:35.567000,0 days 00:00:19.937000,1.0,1,True
NOR,4,21.0,0 days 00:01:15.259000,2.0,HARD,2.0,,,0 days 00:00:20.210000,0 days 00:00:35.375000,0 days 00:00:19.674000,3.0,1,True
NOR,4,22.0,0 days 00:01:14.846000,2.0,HARD,3.0,,,0 days 00:00:19.655000,0 days 00:00:35.312000,0 days 00:00:19.879000,2.0,1,True
NOR,4,23.0,0 days 00:01:15.315000,2.0,HARD,4.0,,,0 days 00:00:20.066000,0 days 00:00:35.223000,0 days 00:00:20.026000,2.0,1,True
NOR,4,24.0,0 days 00:01:15.220000,2.0,HARD,5.0,,,0 days 00:00:19.870000,0 days 00:00:35.356000,0 days 00:00:19.994000,2.0,1,True
NOR,4,25.0,0 days 00:01:14.400000,2.0,HARD,6.0,,,0 days 00:00:19.578000,0 days 00:00:34.961000,0 days 00:00:19.861000,2.0,1,True
NOR,4,26.0,0 days 00:01:14.727000,2.0,HARD,7.0,,,0 days 00:00:19.749000,0 days 00:00:35.153000,0 days 00:00:19.825000,2.0,1,True
NOR,4,27.0,0 days 00:01:14.622000,2.0,HARD,8.0,,,0 days 00:00:19.588000,0 days 00:00:35.171000,0 days 00:00:19.863000,2.0,1,True
NOR,4,28.0,0 days 00:01:14.618000,2.0,HARD,9.0,,,0 days 00:00:19.508000,0 days 00:00:35.151000,0 days 00:00:19.959000,1.0,1,True
NOR,4,29.0,0 days 00:01:15.777000,2.0,HARD,10.0,,,0 days 00:00:19.716000,0 days 00:00:35.834000,0 days 00:00:20.227000,1.0,1,True
NOR,4,30.0,0 days 00:01:17.259000,2.0,HARD,11.0,,,0 days 00:00:19.932000,0 days 00:00:36.898000,0 days 00:00:20.429000,1.0,1,True
NOR,4,31.0,0 days 00:01:16.797000,2.0,HARD,12.0,,,0 days 00:00:20.029000,0 days 00:00:36.233000,0 days 00:00:20.535000,1.0,1,True
NOR,4,32.0,0 days 00:01:14.711000,2.0,HARD,13.0,,,0 days 00:00:19.694000,0 days 00:00:35.206000,0 days 00:00:19.811000,1.0,1,True
NOR,4,33.0,0 days 00:01:14.642000,2.0,HARD,14.0,,,0 days 00:00:19.740000,0 days 00:00:35.193000,0 days 00:00:19.709000,1.0,1,True
NOR,4,34.0,0 days 00:01:14.689000,2.0,HARD,15.0,,,0 days 00:00:19.550000,0 days 00:00:35.351000,0 days 00:00:19.788000,1.0,1,True
NOR,4,35.0,0 days 00:01:14.184000,2.0,HARD,16.0,,,0 days 00:00:19.497000,0 days 00:00:34.985000,0 days 00:00:19.702000,1.0,1,True
NOR,4,36.0,0 days 00:01:14.785000,2.0,HARD,17.0,,,0 days 00:00:19.705000,0 days 00:00:35.261000,0 days 00:00:19.819000,1.0,1,True
NOR,4,37.0,0 days 00:01:14.670000,2.0,HARD,18.0,,,0 days 00:00:19.654000,0 days 00:00:35.272000,0 days 00:00:19.744000,1.0,1,True
NOR,4,38.0,0 days 00:01:14.907000,2.0,HARD,19.0,,,0 days 00:00:19.606000,0 days 00:00:35.094000,0 days 00:00:20.207000,1.0,12,True
NOR,4,39.0,0 days 00:01:14.141000,2.0,HARD,20.0,,,0 days 00:00:19.465000,0 days 00:00:34.981000,0 days 00:00:19.695000,1.0,1,True
NOR,4,40.0,0 days 00:01:15.237000,2.0,HARD,21.0,,,0 days 00:00:19.396000,0 days 00:00:35.370000,0 days 00:00:20.471000,1.0,1,True
NOR,4,41.0,0 days 00:01:14.026000,2.0,HARD,22.0,,,0 days 00:00:19.379000,0 days 00:00:34.994000,0 days 00:00:19.653000,1.0,1,True
NOR,4,42.0,0 days 00:01:14.419000,2.0,HARD,23.0,,,0 days 00:00:19.533000,0 days 00:00:35.114000,0 days 00:00:19.772000,1.0,1,True
NOR,4,43.0,0 days 00:01:14.174000,2.0,HARD,24.0,,,0 days 00:00:19.567000,0 days 00:00:34.939000,0 days 00:00:19.668000,1.0,1,True
NOR,4,44.0,0 days 00:01:13.872000,2.0,HARD,25.0,,,0 days 00:00:19.349000,0 days 00:00:34.852000,0 days 00:00:19.671000,1.0,1,True
NOR,4,45.0,0 days 00:01:14.384000,2.0,HARD,26.0,,,0 days 00:00:19.439000,0 days 00:00:35.214000,0 days 00:00:19.731000,1.0,1,True
NOR,4,46.0,0 days 00:01:14.177000,2.0,HARD,27.0,,,0 days 00:00:19.377000,0 days 00:00:35.149000,0 days 00:00:19.651000,1.0,1,True
NOR,4,47.0,0 days 00:01:14.357000,2.0,HARD,28.0,,,0 days 00:00:19.352000,0 days 00:00:35.102000,0 days 00:00:19.903000,1.0,1,True
NOR,4,48.0,0 days 00:01:15.701000,2.0,HARD,29.0,,,0 days 00:00:19.519000,0 days 00:00:35.861000,0 days 00:00:20.321000,1.0,1,True
NOR,4,49.0,0 days 00:01:16.684000,2.0,HARD,30.0,,,0 days 00:00:19.777000,0 days 00:00:36.452000,0 days 00:00:20.455000,1.0,1,True
NOR,4,52.0,0 days 00:01:15.039000,3.0,HARD,2.0,,,0 days 00:00:19.648000,0 days 00:00:35.496000,0 days 00:00:19.895000,2.0,1,True
NOR,4,53.0,0 days 00:01:15.848000,3.0,HARD,3.0,,,0 days 00:00:19.664000,0 days 00:00:35.818000,0 days 00:00:20.366000,2.0,1,True
NOR,4,54.0,0 days 00:01:16.308000,3.0,HARD,4.0,,,0 days 00:00:19.850000,0 days 00:00:36.381000,0 days 00:00:20.077000,2.0,1,True
NOR,4,55.0,0 days 00:01:14.993000,3.0,HARD,5.0,,,0 days 00:00:19.387000,0 days 00:00:35.797000,0 days 00:00:19.809000,2.0,1,True
NOR,4,56.0,0 days 00:01:14.821000,3.0,HARD,6.0,,,0 days 00:00:19.646000,0 days 00:00:35.539000,0 days 00:00:19.636000,2.0,1,True
NOR,4,57.0,0 days 00:01:14.676000,3.0,HARD,7.0,,,0 days 00:00:19.504000,0 days 00:00:35.314000,0 days 00:00:19.858000,2.0,1,True
NOR,4,58.0,0 days 00:01:15.159000,3.0,HARD,8.0,,,0 days 00:00:19.635000,0 days 00:00:35.533000,0 days 00:00:19.991000,2.0,1,True
NOR,4,59.0,0 days 00:01:15.107000,3.0,HARD,9.0,,,0 days 00:00:19.534000,0 days 00:00:35.685000,0 days 00:00:19.888000,2.0,1,True
NOR,4,60.0,0 days 00:01:15.584000,3.0,HARD,10.0,,,0 days 00:00:19.631000,0 days 00:00:35.807000,0 days 00:00:20.146000,2.0,1,True
NOR,4,61.0,0 days 00:01:15.199000,3.0,HARD,11.0,,,0 days 00:00:19.730000,0 days 00:00:35.603000,0 days 00:00:19.866000,2.0,1,True
NOR,4,62.0,0 days 00:01:15.514000,3.0,HARD,12.0,,,0 days 00:00:19.577000,0 days 00:00:36.059000,0 days 00:00:19.878000,2.0,1,True
NOR,4,63.0,0 days 00:01:15.301000,3.0,HARD,13.0,,,0 days 00:00:19.599000,0 days 00:00:35.715000,0 days 00:00:19.987000,2.0,1,True
NOR,4,64.0,0 days 00:01:15.313000,3.0,HARD,14.0,,,0 days 00:00:19.584000,0 days 00:00:35.823000,0 days 00:00:19.906000,2.0,1,True
NOR,4,65.0,0 days 00:01:15.478000,3.0,HARD,15.0,,,0 days 00:00:19.616000,0 days 00:00:36.060000,0 days 00:00:19.802000,2.0,1,True
NOR,4,66.0,0 days 00:01:14.968000,3.0,HARD,16.0,,,0 days 00:00:19.627000,0 days 00:00:35.617000,0 days 00:00:19.724000,2.0,1,True
NOR,4,67.0,0 days 00:01:15.007000,3.0,HARD,17.0,,,0 days 00:00:19.644000,0 days 00:00:35.656000,0 days 00:00:19.707000,2.0,1,True
NOR,4,68.0,0 days 00:01:15.615000,3.0,HARD,18.0,,,0 days 00:00:19.611000,0 days 00:00:36.066000,0 days 00:00:19.938000,2.0,1,True
NOR,4,69.0,0 days 00:01:15.984000,3.0,HARD,19.0,,,0 days 00:00:19.952000,0 days 00:00:36.223000,0 days 00:00:19.809000,2.0,1,True
NOR,4,70.0,0 days 00:01:16.238000,3.0,HARD,20.0,,,0 days 00:00:19.813000,0 days 00:00:36.392000,0 days 00:00:20.033000,2.0,1,True
NOR,4,71.0,0 days 00:01:16.362000,3.0,HARD,21.0,,,0 days 00:00:19.809000,0 days 00:00:36.315000,0 days 00:00:20.238000,2.0,1,True
NOR,4,72.0,0 days 00:01:16.380000,3.0,HARD,22.0,,,0 days 00:00:19.796000,0 days 00:00:36.583000,0 days 00:00:20.001000,2.0,1,True
NOR,4,73.0,0 days 00:01:16.355000,3.0,HARD,23.0,,,0 days 00:00:19.899000,0 days 00:00:36.501000,0 days 00:00:19.955000,2.0,1,True
NOR,4,74.0,0 days 00:01:16.287000,3.0,HARD,24.0,,,0 days 00:00:19.624000,0 days 00:00:36.630000,0 days 00:00:20.033000,2.0,1,True
NOR,4,75.0,0 days 00:01:16.405000,3.0,HARD,25.0,,,0 days 00:00:19.720000,0 days 00:00:36.667000,0 days 00:00:20.018000,2.0,1,True
NOR,4,76.0,0 days 00:01:15.836000,3.0,HARD,26.0,,,0 days 00:00:19.502000,0 days 00:00:36.260000,0 days 00:00:20.074000,2.0,1,True
NOR,4,77.0,0 days 00:01:15.717000,3.0,HARD,27.0,,,0 days 00:00:19.726000,0 days 00:00:36.279000,0 days 00:00:19.712000,1.0,1,True
NOR,4,78.0,0 days 00:01:13.221000,3.0,HARD,28.0,,,0 days 00:00:19.145000,0 days 00:00:34.697000,0 days 00:00:19.379000,1.0,1,True
OCO,31,5.0,0 days 00:01:20.666000,1.0,MEDIUM,5.0,,,0 days 00:00:21.232000,0 days 00:00:38.039000,0 days 00:00:21.395000,8.0,1,True
OCO,31,6.0,0 days 00:01:20.506000,1.0,MEDIUM,6.0,,,0 days 00:00:21.421000,0 days 00:00:37.785000,0 days 00:00:21.300000,8.0,1,True
OCO,31,7.0,0 days 00:01:20.545000,1.0,MEDIUM,7.0,,,0 days 00:00:21.553000,0 days 00:00:37.696000,0 days 00:00:21.296000,8.0,1,True
OCO,31,8.0,0 days 00:01:19.207000,1.0,MEDIUM,8.0,,,0 days 00:00:21.235000,0 days 00:00:37.131000,0 days 00:00:20.841000,8.0,12,True
OCO,31,9.0,0 days 00:01:22.712000,1.0,MEDIUM,9.0,,,0 days 00:00:20.818000,0 days 00:00:40.656000,0 days 00:00:21.238000,8.0,2,True
OCO,31,10.0,0 days 00:01:20.330000,1.0,MEDIUM,10.0,,,0 days 00:00:20.367000,0 days 00:00:39.100000,0 days 00:00:20.863000,8.0,2,True
OCO,31,11.0,0 days 00:01:17.319000,1.0,MEDIUM,11.0,,,0 days 00:00:20.474000,0 days 00:00:36.288000,0 days 00:00:20.557000,8.0,21,True
OCO,31,12.0,0 days 00:01:17.358000,1.0,MEDIUM,12.0,,,0 days 00:00:20.435000,0 days 00:00:36.337000,0 days 00:00:20.586000,8.0,1,True
OCO,31,13.0,0 days 00:01:17.241000,1.0,MEDIUM,13.0,,,0 days 00:00:20.454000,0 days 00:00:36.265000,0 days 00:00:20.522000,8.0,1,True
OCO,31,14.0,0 days 00:01:16.453000,1.0,MEDIUM,14.0,,,0 days 00:00:20.265000,0 days 00:00:35.920000,0 days 00:00:20.268000,7.0,1,True
OCO,31,15.0,0 days 00:01:16.577000,1.0,MEDIUM,15.0,,,0 days 00:00:20.254000,0 days 00:00:36.008000,0 days 00:00:20.315000,7.0,1,True
OCO,31,18.0,0 days 00:01:15.774000,2.0,MEDIUM,6.0,,,0 days 00:00:20.058000,0 days 00:00:35.619000,0 days 00:00:20.097000,8.0,1,True
OCO,31,19.0,0 days 00:01:16.740000,2.0,MEDIUM,7.0,,,0 days 00:00:20.229000,0 days 00:00:36.185000,0 days 00:00:20.326000,7.0,1,True
OCO,31,20.0,0 days 00:01:16.599000,2.0,MEDIUM,8.0,,,0 days 00:00:20.106000,0 days 00:00:36.050000,0 days 00:00:20.443000,7.0,1,True
OCO,31,21.0,0 days 00:01:17.503000,2.0,MEDIUM,9.0,,,0 days 00:00:20.353000,0 days 00:00:36.552000,0 days 00:00:20.598000,7.0,1,True
OCO,31,22.0,0 days 00:01:18.500000,2.0,MEDIUM,10.0,,,0 days 00:00:20.915000,0 days 00:00:36.690000,0 days 00:00:20.895000,7.0,1,True
OCO,31,23.0,0 days 00:01:18.075000,2.0,MEDIUM,11.0,,,0 days 00:00:20.876000,0 days 00:00:36.624000,0 days 00:00:20.575000,7.0,1,True
OCO,31,24.0,0 days 00:01:17.911000,2.0,MEDIUM,12.0,,,0 days 00:00:20.890000,0 days 00:00:36.443000,0 days 00:00:20.578000,7.0,1,True
OCO,31,25.0,0 days 00:01:17.720000,2.0,MEDIUM,13.0,,,0 days 00:00:20.780000,0 days 00:00:36.314000,0 days 00:00:20.626000,7.0,1,True
OCO,31,26.0,0 days 00:01:16.527000,2.0,MEDIUM,14.0,,,0 days 00:00:20.253000,0 days 00:00:35.875000,0 days 00:00:20.399000,7.0,1,True
OCO,31,27.0,0 days 00:01:16.705000,2.0,MEDIUM,15.0,,,0 days 00:00:20.106000,0 days 00:00:36.304000,0 days 00:00:20.295000,7.0,1,True
OCO,31,30.0,0 days 00:01:15.796000,3.0,HARD,2.0,,,0 days 00:00:20.146000,0 days 00:00:35.695000,0 days 00:00:19.955000,10.0,1,True
OCO,31,31.0,0 days 00:01:15.430000,3.0,HARD,3.0,,,0 days 00:00:19.890000,0 days 00:00:35.659000,0 days 00:00:19.881000,9.0,1,True
OCO,31,32.0,0 days 00:01:15.503000,3.0,HARD,4.0,,,0 days 00:00:19.884000,0 days 00:00:35.614000,0 days 00:00:20.005000,8.0,1,True
OCO,31,33.0,0 days 00:01:15.220000,3.0,HARD,5.0,,,0 days 00:00:19.813000,0 days 00:00:35.529000,0 days 00:00:19.878000,8.0,1,True
OCO,31,34.0,0 days 00:01:15.157000,3.0,HARD,6.0,,,0 days 00:00:19.852000,0 days 00:00:35.503000,0 days 00:00:19.802000,8.0,1,True
OCO,31,35.0,0 days 00:01:15.846000,3.0,HARD,7.0,,,0 days 00:00:19.915000,0 days 00:00:35.854000,0 days 00:00:20.077000,8.0,1,True
OCO,31,36.0,0 days 00:01:16.149000,3.0,HARD,8.0,,,0 days 00:00:20.031000,0 days 00:00:35.933000,0 days 00:00:20.185000,8.0,1,True
OCO,31,37.0,0 days 00:01:17.197000,3.0,HARD,9.0,,,0 days 00:00:19.982000,0 days 00:00:35.819000,0 days 00:00:21.396000,7.0,12,True
OCO,31,38.0,0 days 00:01:16.298000,3.0,HARD,10.0,,,0 days 00:00:20.164000,0 days 00:00:35.949000,0 days 00:00:20.185000,7.0,1,True
OCO,31,39.0,0 days 00:01:18.410000,3.0,HARD,11.0,,,0 days 00:00:20.025000,0 days 00:00:36.375000,0 days 00:00:22.010000,7.0,1,True
OCO,31,40.0,0 days 00:01:16.525000,3.0,HARD,12.0,,,0 days 00:00:20.242000,0 days 00:00:36.050000,0 days 00:00:20.233000,7.0,1,True
OCO,31,41.0,0 days 00:01:18.126000,3.0,HARD,13.0,,,0 days 00:00:21.236000,0 days 00:00:36.587000,0 days 00:00:20.303000,7.0,1,True
OCO,31,42.0,0 days 00:01:16.240000,3.0,HARD,14.0,,,0 days 00:00:20.027000,0 days 00:00:36.054000,0 days 00:00:20.159000,7.0,1,True
OCO,31,43.0,0 days 00:01:16.584000,3.0,HARD,15.0,,,0 days 00:00:20.091000,0 days 00:00:36.128000,0 days 00:00:20.365000,7.0,1,True
OCO,31,44.0,0 days 00:01:17.324000,3.0,HARD,16.0,,,0 days 00:00:20.059000,0 days 00:00:36.137000,0 days 00:00:21.128000,7.0,1,True
OCO,31,45.0,0 days 00:01:18.452000,3.0,HARD,17.0,,,0 days 00:00:22.247000,0 days 00:00:36.095000,0 days 00:00:20.110000,7.0,1,True
OCO,31,46.0,0 days 00:01:17.007000,3.0,HARD,18.0,,,0 days 00:00:20.133000,0 days 00:00:36.480000,0 days 00:00:20.394000,7.0,1,True
OCO,31,47.0,0 days 00:01:17.341000,3.0,HARD,19.0,,,0 days 00:00:20.376000,0 days 00:00:36.612000,0 days 00:00:20.353000,7.0,1,True
OCO,31,48.0,0 days 00:01:18.068000,3.0,HARD,20.0,,,0 days 00:00:20.280000,0 days 00:00:36.707000,0 days 00:00:21.081000,7.0,1,True
OCO,31,49.0,0 days 00:01:18.235000,3.0,HARD,21.0,,,0 days 00:00:20.418000,0 days 00:00:36.994000,0 days 00:00:20.823000,7.0,1,True
OCO,31,50.0,0 days 00:01:17.902000,3.0,HARD,22.0,,,0 days 00:00:20.286000,0 days 00:00:36.528000,0 days 00:00:21.088000,7.0,1,True
OCO,31,51.0,0 days 00:01:18.424000,3.0,HARD,23.0,,,0 days 00:00:21.578000,0 days 00:00:36.361000,0 days 00:00:20.485000,7.0,1,True
OCO,31,52.0,0 days 00:01:17.450000,3.0,HARD,24.0,,,0 days 00:00:20.285000,0 days 00:00:36.589000,0 days 00:00:20.576000,7.0,1,True
OCO,31,53.0,0 days 00:01:19.133000,3.0,HARD,25.0,,,0 days 00:00:20.263000,0 days 00:00:38.469000,0 days 00:00:20.401000,7.0,1,True
OCO,31,54.0,0 days 00:01:17.744000,3.0,HARD,26.0,,,0 days 00:00:20.137000,0 days 00:00:36.643000,0 days 00:00:20.964000,7.0,1,True
OCO,31,55.0,0 days 00:01:18.492000,3.0,HARD,27.0,,,0 days 00:00:20.727000,0 days 00:00:36.891000,0 days 00:00:20.874000,7.0,1,True
OCO,31,56.0,0 days 00:01:17.541000,3.0,HARD,28.0,,,0 days 00:00:20.291000,0 days 00:00:36.624000,0 days 00:00:20.626000,7.0,1,True
OCO,31,57.0,0 days 00:01:17.871000,3.0,HARD,29.0,,,0 days 00:00:20.587000,0 days 00:00:36.501000,0 days 00:00:20.783000,7.0,1,True
OCO,31,58.0,0 days 00:01:17.184000,3.0,HARD,30.0,,,0 days 00:00:20.496000,0 days 00:00:36.266000,0 days 00:00:20.422000,7.0,1,True
OCO,31,59.0,0 days 00:01:17.137000,3.0,HARD,31.0,,,0 days 00:00:20.175000,0 days 00:00:36.346000,0 days 00:00:20.616000,7.0,1,True
OCO,31,60.0,0 days 00:01:17.606000,3.0,HARD,32.0,,,0 days 00:00:20.497000,0 days 00:00:36.507000,0 days 00:00:20.602000,7.0,1,True
OCO,31,61.0,0 days 00:01:17.644000,3.0,HARD,33.0,,,0 days 00:00:20.395000,0 days 00:00:36.533000,0 days 00:00:20.716000,7.0,1,True
OCO,31,62.0,0 days 00:01:17.670000,3.0,HARD,34.0,,,0 days 00:00:20.410000,0 days 00:00:36.623000,0 days 00:00:20.637000,7.0,1,True
OCO,31,63.0,0 days 00:01:18.295000,3.0,HARD,35.0,,,0 days 00:00:20.590000,0 days 00:00:37.060000,0 days 00:00:20.645000,7.0,1,True
OCO,31,64.0,0 days 00:01:17.903000,3.0,HARD,36.0,,,0 days 00:00:20.366000,0 days 00:00:36.832000,0 days 00:00:20.705000,7.0,1,True
OCO,31,65.0,0 days 00:01:18.271000,3.0,HARD,37.0,,,0 days 00:00:20.534000,0 days 00:00:37.137000,0 days 00:00:20.600000,7.0,1,True
OCO,31,66.0,0 days 00:01:18.810000,3.0,HARD,38.0,,,0 days 00:00:20.307000,0 days 00:00:38.148000,0 days 00:00:20.355000,7.0,1,True
OCO,31,67.0,0 days 00:01:17.401000,3.0,HARD,39.0,,,0 days 00:00:20.107000,0 days 00:00:36.907000,0 days 00:00:20.387000,7.0,1,True
OCO,31,68.0,0 days 00:01:17.467000,3.0,HARD,40.0,,,0 days 00:00:20.331000,0 days 00:00:36.674000,0 days 00:00:20.462000,7.0,1,True
OCO,31,69.0,0 days 00:01:16.985000,3.0,HARD,41.0,,,0 days 00:00:20.258000,0 days 00:00:36.407000,0 days 00:00:20.320000,7.0,1,True
OCO,31,70.0,0 days 00:01:17.069000,3.0,HARD,42.0,,,0 days 00:00:20.208000,0 days 00:00:36.472000,0 days 00:00:20.389000,7.0,1,True
OCO,31,71.0,0 days 00:01:16.828000,3.0,HARD,43.0,,,0 days 00:00:20.077000,0 days 00:00:36.416000,0 days 00:00:20.335000,7.0,1,True
OCO,31,72.0,0 days 00:01:16.768000,3.0,HARD,44.0,,,0 days 00:00:20.136000,0 days 00:00:36.239000,0 days 00:00:20.393000,7.0,1,True
OCO,31,73.0,0 days 00:01:16.652000,3.0,HARD,45.0,,,0 days 00:00:20.063000,0 days 00:00:36.313000,0 days 00:00:20.276000,7.0,1,True
OCO,31,74.0,0 days 00:01:16.580000,3.0,HARD,46.0,,,0 days 00:00:20.025000,0 days 00:00:36.237000,0 days 00:00:20.318000,7.0,1,True
OCO,31,75.0,0 days 00:01:16.714000,3.0,HARD,47.0,,,0 days 00:00:20.114000,0 days 00:00:36.237000,0 days 00:00:20.363000,7.0,1,True
OCO,31,76.0,0 days 00:01:16.604000,3.0,HARD,48.0,,,0 days 00:00:20.093000,0 days 00:00:36.305000,0 days 00:00:20.206000,7.0,1,True
OCO,31,77.0,0 days 00:01:16.747000,3.0,HARD,49.0,,,0 days 00:00:19.953000,0 days 00:00:36.322000,0 days 00:00:20.472000,7.0,1,True
PIA,81,5.0,0 days 00:01:20.048000,1.0,MEDIUM,5.0,,,0 days 00:00:20.991000,0 days 00:00:37.756000,0 days 00:00:21.301000,3.0,1,True
PIA,81,6.0,0 days 00:01:19.793000,1.0,MEDIUM,6.0,,,0 days 00:00:20.928000,0 days 00:00:37.577000,0 days 00:00:21.288000,3.0,1,True
PIA,81,7.0,0 days 00:01:19.261000,1.0,MEDIUM,7.0,,,0 days 00:00:20.688000,0 days 00:00:37.373000,0 days 00:00:21.200000,3.0,1,True
PIA,81,8.0,0 days 00:01:18.029000,1.0,MEDIUM,8.0,,,0 days 00:00:20.392000,0 days 00:00:36.990000,0 days 00:00:20.647000,3.0,12,True
PIA,81,9.0,0 days 00:01:22.281000,1.0,MEDIUM,9.0,,,0 days 00:00:20.243000,0 days 00:00:40.930000,0 days 00:00:21.108000,3.0,2,True
PIA,81,10.0,0 days 00:01:19.160000,1.0,MEDIUM,10.0,,,0 days 00:00:20.161000,0 days 00:00:38.417000,0 days 00:00:20.582000,3.0,2,True
PIA,81,11.0,0 days 00:01:17.335000,1.0,MEDIUM,11.0,,,0 days 00:00:19.958000,0 days 00:00:36.973000,0 days 00:00:20.404000,3.0,21,True
PIA,81,12.0,0 days 00:01:17.393000,1.0,MEDIUM,12.0,,,0 days 00:00:20.349000,0 days 00:00:36.354000,0 days 00:00:20.690000,3.0,1,True
PIA,81,13.0,0 days 00:01:16.748000,1.0,MEDIUM,13.0,,,0 days 00:00:20.083000,0 days 00:00:36.218000,0 days 00:00:20.447000,3.0,1,True
PIA,81,14.0,0 days 00:01:16.412000,1.0,MEDIUM,14.0,,,0 days 00:00:19.907000,0 days 00:00:36.040000,0 days 00:00:20.465000,3.0,1,True
PIA,81,15.0,0 days 00:01:15.522000,1.0,MEDIUM,15.0,,,0 days 00:00:19.659000,0 days 00:00:35.481000,0 days 00:00:20.382000,3.0,1,True
PIA,81,16.0,0 days 00:01:15.643000,1.0,MEDIUM,16.0,,,0 days 00:00:19.859000,0 days 00:00:35.629000,0 days 00:00:20.155000,3.0,1,True
PIA,81,17.0,0 days 00:01:15.457000,1.0,MEDIUM,17.0,,,0 days 00:00:19.901000,0 days 00:00:35.528000,0 days 00:00:20.028000,3.0,1,True
PIA,81,18.0,0 days 00:01:14.934000,1.0,MEDIUM,18.0,,,0 days 00:00:19.613000,0 days 00:00:35.306000,0 days 00:00:20.015000,3.0,1,True
PIA,81,19.0,0 days 00:01:15.049000,1.0,MEDIUM,19.0,,,0 days 00:00:19.742000,0 days 00:00:35.276000,0 days 00:00:20.031000,2.0,1,True
PIA,81,22.0,0 days 00:01:13.818000,2.0,HARD,2.0,,,0 days 00:00:19.471000,0 days 00:00:34.823000,0 days 00:00:19.524000,4.0,1,True
PIA,81,23.0,0 days 00:01:17.790000,2.0,HARD,3.0,,,0 days 00:00:20.336000,0 days 00:00:37.090000,0 days 00:00:20.364000,4.0,1,True
PIA,81,24.0,0 days 00:01:15.487000,2.0,HARD,4.0,,,0 days 00:00:19.596000,0 days 00:00:35.585000,0 days 00:00:20.306000,4.0,1,True
PIA,81,25.0,0 days 00:01:14.940000,2.0,HARD,5.0,,,0 days 00:00:19.572000,0 days 00:00:35.376000,0 days 00:00:19.992000,4.0,1,True
PIA,81,26.0,0 days 00:01:14.960000,2.0,HARD,6.0,,,0 days 00:00:19.673000,0 days 00:00:35.504000,0 days 00:00:19.783000,4.0,1,True
PIA,81,27.0,0 days 00:01:14.772000,2.0,HARD,7.0,,,0 days 00:00:19.462000,0 days 00:00:35.412000,0 days 00:00:19.898000,4.0,1,True
PIA,81,28.0,0 days 00:01:15.556000,2.0,HARD,8.0,,,0 days 00:00:19.964000,0 days 00:00:35.538000,0 days 00:00:20.054000,3.0,1,True
PIA,81,29.0,0 days 00:01:14.736000,2.0,HARD,9.0,,,0 days 00:00:19.660000,0 days 00:00:35.330000,0 days 00:00:19.746000,3.0,1,True
PIA,81,30.0,0 days 00:01:14.868000,2.0,HARD,10.0,,,0 days 00:00:19.704000,0 days 00:00:35.311000,0 days 00:00:19.853000,3.0,1,True
PIA,81,31.0,0 days 00:01:15.735000,2.0,HARD,11.0,,,0 days 00:00:19.918000,0 days 00:00:35.658000,0 days 00:00:20.159000,3.0,1,True
PIA,81,32.0,0 days 00:01:16.822000,2.0,HARD,12.0,,,0 days 00:00:20.047000,0 days 00:00:36.224000,0 days 00:00:20.551000,3.0,1,True
PIA,81,33.0,0 days 00:01:16.325000,2.0,HARD,13.0,,,0 days 00:00:20.313000,0 days 00:00:35.811000,0 days 00:00:20.201000,3.0,1,True
PIA,81,34.0,0 days 00:01:15.947000,2.0,HARD,14.0,,,0 days 00:00:19.905000,0 days 00:00:36.040000,0 days 00:00:20.002000,3.0,1,True
PIA,81,35.0,0 days 00:01:14.819000,2.0,HARD,15.0,,,0 days 00:00:19.711000,0 days 00:00:35.286000,0 days 00:00:19.822000,3.0,1,True
PIA,81,36.0,0 days 00:01:15.107000,2.0,HARD,16.0,,,0 days 00:00:19.733000,0 days 00:00:35.397000,0 days 00:00:19.977000,3.0,1,True
PIA,81,37.0,0 days 00:01:15.396000,2.0,HARD,17.0,,,0 days 00:00:19.961000,0 days 00:00:35.652000,0 days 00:00:19.783000,3.0,1,True
PIA,81,38.0,0 days 00:01:14.475000,2.0,HARD,18.0,,,0 days 00:00:19.590000,0 days 00:00:35.123000,0 days 00:00:19.762000,3.0,12,True
PIA,81,39.0,0 days 00:01:14.594000,2.0,HARD,19.0,,,0 days 00:00:19.719000,0 days 00:00:35.247000,0 days 00:00:19.628000,3.0,1,True
PIA,81,40.0,0 days 00:01:14.344000,2.0,HARD,20.0,,,0 days 00:00:19.545000,0 days 00:00:35.107000,0 days 00:00:19.692000,3.0,1,True
PIA,81,41.0,0 days 00:01:14.297000,2.0,HARD,21.0,,,0 days 00:00:19.593000,0 days 00:00:35.043000,0 days 00:00:19.661000,3.0,1,True
PIA,81,42.0,0 days 00:01:14.137000,2.0,HARD,22.0,,,0 days 00:00:19.549000,0 days 00:00:34.932000,0 days 00:00:19.656000,3.0,1,True
PIA,81,43.0,0 days 00:01:15.181000,2.0,HARD,23.0,,,0 days 00:00:19.945000,0 days 00:00:35.430000,0 days 00:00:19.806000,3.0,1,True
PIA,81,44.0,0 days 00:01:14.676000,2.0,HARD,24.0,,,0 days 00:00:19.592000,0 days 00:00:35.189000,0 days 00:00:19.895000,3.0,1,True
PIA,81,45.0,0 days 00:01:15.124000,2.0,HARD,25.0,,,0 days 00:00:19.641000,0 days 00:00:35.314000,0 days 00:00:20.169000,3.0,1,True
PIA,81,46.0,0 days 00:01:14.875000,2.0,HARD,26.0,,,0 days 00:00:19.650000,0 days 00:00:35.224000,0 days 00:00:20.001000,3.0,1,True
PIA,81,47.0,0 days 00:01:14.092000,2.0,HARD,27.0,,,0 days 00:00:19.437000,0 days 00:00:34.965000,0 days 00:00:19.690000,3.0,1,True
PIA,81,50.0,0 days 00:01:14.121000,3.0,HARD,2.0,,,0 days 00:00:19.600000,0 days 00:00:35.031000,0 days 00:00:19.490000,4.0,1,True
PIA,81,51.0,0 days 00:01:14.713000,3.0,HARD,3.0,,,0 days 00:00:19.553000,0 days 00:00:35.417000,0 days 00:00:19.743000,4.0,1,True
PIA,81,52.0,0 days 00:01:14.087000,3.0,HARD,4.0,,,0 days 00:00:19.495000,0 days 00:00:35.077000,0 days 00:00:19.515000,4.0,1,True
PIA,81,53.0,0 days 00:01:14.004000,3.0,HARD,5.0,,,0 days 00:00:19.488000,0 days 00:00:34.923000,0 days 00:00:19.593000,4.0,1,True
PIA,81,54.0,0 days 00:01:14.703000,3.0,HARD,6.0,,,0 days 00:00:19.494000,0 days 00:00:35.193000,0 days 00:00:20.016000,4.0,1,True
PIA,81,55.0,0 days 00:01:16.244000,3.0,HARD,7.0,,,0 days 00:00:19.588000,0 days 00:00:36.149000,0 days 00:00:20.507000,4.0,1,True
PIA,81,56.0,0 days 00:01:15.113000,3.0,HARD,8.0,,,0 days 00:00:19.647000,0 days 00:00:35.685000,0 days 00:00:19.781000,4.0,1,True
PIA,81,57.0,0 days 00:01:14.810000,3.0,HARD,9.0,,,0 days 00:00:19.566000,0 days 00:00:35.210000,0 days 00:00:20.034000,4.0,1,True
PIA,81,58.0,0 days 00:01:14.830000,3.0,HARD,10.0,,,0 days 00:00:19.430000,0 days 00:00:35.583000,0 days 00:00:19.817000,4.0,1,True
PIA,81,59.0,0 days 00:01:13.916000,3.0,HARD,11.0,,,0 days 00:00:19.441000,0 days 00:00:34.975000,0 days 00:00:19.500000,4.0,1,True
PIA,81,60.0,0 days 00:01:13.745000,3.0,HARD,12.0,,,0 days 00:00:19.388000,0 days 00:00:34.787000,0 days 00:00:19.570000,4.0,1,True
PIA,81,61.0,0 days 00:01:14.485000,3.0,HARD,13.0,,,0 days 00:00:19.609000,0 days 00:00:35.308000,0 days 00:00:19.568000,4.0,1,True
PIA,81,62.0,0 days 00:01:15.213000,3.0,HARD,14.0,,,0 days 00:00:19.766000,0 days 00:00:35.648000,0 days 00:00:19.799000,4.0,1,True
PIA,81,63.0,0 days 00:01:14.381000,3.0,HARD,15.0,,,0 days 00:00:19.413000,0 days 00:00:35.218000,0 days 00:00:19.750000,4.0,1,True
PIA,81,64.0,0 days 00:01:15.204000,3.0,HARD,16.0,,,0 days 00:00:19.632000,0 days 00:00:35.718000,0 days 00:00:19.854000,4.0,1,True
PIA,81,65.0,0 days 00:01:14.661000,3.0,HARD,17.0,,,0 days 00:00:19.584000,0 days 00:00:35.332000,0 days 00:00:19.745000,4.0,1,True
PIA,81,66.0,0 days 00:01:15.106000,3.0,HARD,18.0,,,0 days 00:00:19.756000,0 days 00:00:35.453000,0 days 00:00:19.897000,4.0,1,True
PIA,81,67.0,0 days 00:01:15.014000,3.0,HARD,19.0,,,0 days 00:00:19.698000,0 days 00:00:35.531000,0 days 00:00:19.785000,4.0,1,True
PIA,81,68.0,0 days 00:01:15.260000,3.0,HARD,20.0,,,0 days 00:00:19.799000,0 days 00:00:35.538000,0 days 00:00:19.923000,4.0,1,True
PIA,81,69.0,0 days 00:01:15.638000,3.0,HARD,21.0,,,0 days 00:00:19.802000,0 days 00:00:35.773000,0 days 00:00:20.063000,4.0,1,True
PIA,81,70.0,0 days 00:01:15.899000,3.0,HARD,22.0,,,0 days 00:00:19.878000,0 days 00:00:35.900000,0 days 00:00:20.121000,4.0,1,True
PIA,81,71.0,0 days 00:01:15.595000,3.0,HARD,23.0,,,0 days 00:00:19.854000,0 days 00:00:35.740000,0 days 00:00:20.001000,4.0,1,True
PIA,81,72.0,0 days 00:01:16.141000,3.0,HARD,24.0,,,0 days 00:00:19.782000,0 days 00:00:36.017000,0 days 00:00:20.342000,4.0,1,True
PIA,81,73.0,0 days 00:01:16.214000,3.0,HARD,25.0,,,0 days 00:00:19.997000,0 days 00:00:35.932000,0 days 00:00:20.285000,4.0,1,True
PIA,81,74.0,0 days 00:01:16.193000,3.0,HARD,26.0,,,0 days 00:00:19.885000,0 days 00:00:35.966000,0 days 00:00:20.342000,4.0,1,True
PIA,81,75.0,0 days 00:01:16.139000,3.0,HARD,27.0,,,0 days 00:00:19.950000,0 days 00:00:35.959000,0 days 00:00:20.230000,4.0,1,True
PIA,81,76.0,0 days 00:01:15.909000,3.0,HARD,28.0,,,0 days 00:00:19.837000,0 days 00:00:35.742000,0 days 00:00:20.330000,4.0,1,True
PIA,81,77.0,0 days 00:01:16.523000,3.0,HARD,29.0,,,0 days 00:00:19.877000,0 days 00:00:36.311000,0 days 00:00:20.335000,3.0,1,True
PIA,81,78.0,0 days 00:01:15.020000,3.0,HARD,30.0,,,0 days 00:00:19.798000,0 days 00:00:35.361000,0 days 00:00:19.861000,3.0,1,True
RUS,63,5.0,0 days 00:01:20.576000,1.0,HARD,5.0,,,0 days 00:00:21.536000,0 days 00:00:37.379000,0 days 00:00:21.661000,13.0,1,True
RUS,63,6.0,0 days 00:01:20.750000,1.0,HARD,6.0,,,0 days 00:00:21.474000,0 days 00:00:37.683000,0 days 00:00:21.593000,13.0,1,True
RUS,63,7.0,0 days 00:01:21.214000,1.0,HARD,7.0,,,0 days 00:00:21.597000,0 days 00:00:37.853000,0 days 00:00:21.764000,13.0,1,True
RUS,63,8.0,0 days 00:01:20.793000,1.0,HARD,8.0,,,0 days 00:00:21.517000,0 days 00:00:37.737000,0 days 00:00:21.539000,13.0,12,True
RUS,63,9.0,0 days 00:01:23.390000,1.0,HARD,9.0,,,0 days 00:00:20.929000,0 days 00:00:40.252000,0 days 00:00:22.209000,13.0,2,True
RUS,63,10.0,0 days 00:01:21.501000,1.0,HARD,10.0,,,0 days 00:00:21.355000,0 days 00:00:38.625000,0 days 00:00:21.521000,13.0,2,True
RUS,63,11.0,0 days 00:01:19.853000,1.0,HARD,11.0,,,0 days 00:00:21.311000,0 days 00:00:37.353000,0 days 00:00:21.189000,13.0,21,True
RUS,63,12.0,0 days 00:01:19.726000,1.0,HARD,12.0,,,0 days 00:00:21.052000,0 days 00:00:37.456000,0 days 00:00:21.218000,12.0,1,True
RUS,63,13.0,0 days 00:01:18.901000,1.0,HARD,13.0,,,0 days 00:00:20.928000,0 days 00:00:36.921000,0 days 00:00:21.052000,12.0,1,True
RUS,63,14.0,0 days 00:01:19.247000,1.0,HARD,14.0,,,0 days 00:00:21.028000,0 days 00:00:37.128000,0 days 00:00:21.091000,12.0,1,True
RUS,63,15.0,0 days 00:01:19.764000,1.0,HARD,15.0,,,0 days 00:00:21.176000,0 days 00:00:37.170000,0 days 00:00:21.418000,12.0,1,True
RUS,63,16.0,0 days 00:01:20.766000,1.0,HARD,16.0,,,0 days 00:00:21.285000,0 days 00:00:37.715000,0 days 00:00:21.766000,12.0,1,True
RUS,63,17.0,0 days 00:01:21.057000,1.0,HARD,17.0,,,0 days 00:00:21.427000,0 days 00:00:38.235000,0 days 00:00:21.395000,12.0,1,True
RUS,63,18.0,0 days 00:01:20.126000,1.0,HARD,18.0,,,0 days 00:00:21.263000,0 days 00:00:37.393000,0 days 00:00:21.470000,12.0,1,True
RUS,63,19.0,0 days 00:01:19.629000,1.0,HARD,19.0,,,0 days 00:00:21.289000,0 days 00:00:37.250000,0 days 00:00:21.090000,12.0,1,True
RUS,63,20.0,0 days 00:01:18.513000,1.0,HARD,20.0,,,0 days 00:00:21.071000,0 days 00:00:36.757000,0 days 00:00:20.685000,12.0,1,True
RUS,63,21.0,0 days 00:01:17.775000,1.0,HARD,21.0,,,0 days 00:00:20.729000,0 days 00:00:36.459000,0 days 00:00:20.587000,12.0,1,True
RUS,63,22.0,0 days 00:01:17.301000,1.0,HARD,22.0,,,0 days 00:00:20.428000,0 days 00:00:36.414000,0 days 00:00:20.459000,12.0,1,True
RUS,63,23.0,0 days 00:01:16.900000,1.0,HARD,23.0,,,0 days 00:00:20.341000,0 days 00:00:36.229000,0 days 00:00:20.330000,12.0,1,True
RUS,63,24.0,0 days 00:01:16.935000,1.0,HARD,24.0,,,0 days 00:00:20.250000,0 days 00:00:36.242000,0 days 00:00:20.443000,12.0,1,True
RUS,63,25.0,0 days 00:01:19.216000,1.0,HARD,25.0,,,0 days 00:00:20.627000,0 days 00:00:37.354000,0 days 00:00:21.235000,12.0,1,True
RUS,63,26.0,0 days 00:01:19.491000,1.0,HARD,26.0,,,0 days 00:00:20.939000,0 days 00:00:37.205000,0 days 00:00:21.347000,12.0,1,True
RUS,63,27.0,0 days 00:01:19.453000,1.0,HARD,27.0,,,0 days 00:00:20.969000,0 days 00:00:37.385000,0 days 00:00:21.099000,12.0,1,True
RUS,63,28.0,0 days 00:01:19.673000,1.0,HARD,28.0,,,0 days 00:00:21.112000,0 days 00:00:37.407000,0 days 00:00:21.154000,12.0,1,True
RUS,63,29.0,0 days 00:01:19.247000,1.0,HARD,29.0,,,0 days 00:00:20.924000,0 days 00:00:37.221000,0 days 00:00:21.102000,12.0,1,True
RUS,63,30.0,0 days 00:01:20.514000,1.0,HARD,30.0,,,0 days 00:00:20.831000,0 days 00:00:37.468000,0 days 00:00:22.215000,12.0,1,True
RUS,63,31.0,0 days 00:01:18.068000,1.0,HARD,31.0,,,0 days 00:00:20.790000,0 days 00:00:36.869000,0 days 00:00:20.409000,12.0,1,True
RUS,63,32.0,0 days 00:01:19.384000,1.0,HARD,32.0,,,0 days 00:00:22.030000,0 days 00:00:36.582000,0 days 00:00:20.772000,12.0,1,True
RUS,63,33.0,0 days 00:01:21.135000,1.0,HARD,33.0,,,0 days 00:00:21.343000,0 days 00:00:38.805000,0 days 00:00:20.987000,12.0,1,True
RUS,63,34.0,0 days 00:01:18.936000,1.0,HARD,34.0,,,0 days 00:00:20.667000,0 days 00:00:37.054000,0 days 00:00:21.215000,12.0,1,True
RUS,63,35.0,0 days 00:01:19.219000,1.0,HARD,35.0,,,0 days 00:00:20.836000,0 days 00:00:37.359000,0 days 00:00:21.024000,12.0,1,True
RUS,63,36.0,0 days 00:01:19.952000,1.0,HARD,36.0,,,0 days 00:00:20.994000,0 days 00:00:38.069000,0 days 00:00:20.889000,12.0,1,True
RUS,63,37.0,0 days 00:01:18.925000,1.0,HARD,37.0,,,0 days 00:00:20.880000,0 days 00:00:37.099000,0 days 00:00:20.946000,11.0,12,True
RUS,63,38.0,0 days 00:01:18.468000,1.0,HARD,38.0,,,0 days 00:00:20.494000,0 days 00:00:36.974000,0 days 00:00:21,11.0,1,True
RUS,63,39.0,0 days 00:01:18.865000,1.0,HARD,39.0,,,0 days 00:00:20.742000,0 days 00:00:37.097000,0 days 00:00:21.026000,11.0,1,True
RUS,63,40.0,0 days 00:01:18.936000,1.0,HARD,40.0,,,0 days 00:00:20.728000,0 days 00:00:36.995000,0 days 00:00:21.213000,11.0,1,True
RUS,63,41.0,0 days 00:01:17.272000,1.0,HARD,41.0,,,0 days 00:00:20.534000,0 days 00:00:36.422000,0 days 00:00:20.316000,11.0,1,True
RUS,63,42.0,0 days 00:01:17.617000,1.0,HARD,42.0,,,0 days 00:00:20.161000,0 days 00:00:36.567000,0 days 00:00:20.889000,11.0,1,True
RUS,63,43.0,0 days 00:01:18.494000,1.0,HARD,43.0,,,0 days 00:00:20.530000,0 days 00:00:36.983000,0 days 00:00:20.981000,11.0,1,True
RUS,63,44.0,0 days 00:01:19.072000,1.0,HARD,44.0,,,0 days 00:00:20.512000,0 days 00:00:37.388000,0 days 00:00:21.172000,11.0,1,True
RUS,63,45.0,0 days 00:01:19.192000,1.0,HARD,45.0,,,0 days 00:00:20.690000,0 days 00:00:37.467000,0 days 00:00:21.035000,11.0,1,True
RUS,63,46.0,0 days 00:01:19.289000,1.0,HARD,46.0,,,0 days 00:00:20.824000,0 days 00:00:37.609000,0 days 00:00:20.856000,11.0,1,True
RUS,63,47.0,0 days 00:01:19.959000,1.0,HARD,47.0,,,0 days 00:00:20.890000,0 days 00:00:37.574000,0 days 00:00:21.495000,11.0,1,True
RUS,63,48.0,0 days 00:01:17.477000,1.0,HARD,48.0,,,0 days 00:00:20.963000,0 days 00:00:36.369000,0 days 00:00:20.145000,10.0,1,True
RUS,63,49.0,0 days 00:01:17.379000,1.0,HARD,49.0,,,0 days 00:00:20.306000,0 days 00:00:36.608000,0 days 00:00:20.465000,10.0,1,True
RUS,63,50.0,0 days 00:01:15.966000,1.0,HARD,50.0,,,0 days 00:00:19.888000,0 days 00:00:35.934000,0 days 00:00:20.144000,10.0,1,True
RUS,63,51.0,0 days 00:01:16.095000,1.0,HARD,51.0,,,0 days 00:00:19.789000,0 days 00:00:36.077000,0 days 00:00:20.229000,10.0,1,True
RUS,63,52.0,0 days 00:01:16.023000,1.0,HARD,52.0,,,0 days 00:00:19.699000,0 days 00:00:36.159000,0 days 00:00:20.165000,10.0,1,True
RUS,63,55.0,0 days 00:01:16.455000,2.0,MEDIUM,2.0,,,0 days 00:00:19.952000,0 days 00:00:36.278000,0 days 00:00:20.225000,10.0,1,True
RUS,63,56.0,0 days 00:01:18.479000,2.0,MEDIUM,3.0,,,0 days 00:00:19.942000,0 days 00:00:37.947000,0 days 00:00:20.590000,10.0,1,True
RUS,63,57.0,0 days 00:01:16.715000,2.0,MEDIUM,4.0,,,0 days 00:00:20.095000,0 days 00:00:36.321000,0 days 00:00:20.299000,10.0,1,True
RUS,63,58.0,0 days 00:01:16.037000,2.0,MEDIUM,5.0,,,0 days 00:00:19.934000,0 days 00:00:36.060000,0 days 00:00:20.043000,10.0,1,True
RUS,63,59.0,0 days 00:01:16.082000,2.0,MEDIUM,6.0,,,0 days 00:00:19.847000,0 days 00:00:35.970000,0 days 00:00:20.265000,10.0,1,True
RUS,63,60.0,0 days 00:01:16.207000,2.0,MEDIUM,7.0,,,0 days 00:00:19.809000,0 days 00:00:36.143000,0 days 00:00:20.255000,10.0,1,True
RUS,63,61.0,0 days 00:01:15.998000,2.0,MEDIUM,8.0,,,0 days 00:00:19.768000,0 days 00:00:36.192000,0 days 00:00:20.038000,10.0,1,True
RUS,63,64.0,0 days 00:01:13.864000,2.0,MEDIUM,11.0,,,0 days 00:00:19.359000,0 days 00:00:34.880000,0 days 00:00:19.625000,11.0,1,True
RUS,63,65.0,0 days 00:01:14.280000,2.0,MEDIUM,12.0,,,0 days 00:00:19.417000,0 days 00:00:35.078000,0 days 00:00:19.785000,11.0,1,True
RUS,63,66.0,0 days 00:01:13.918000,2.0,MEDIUM,13.0,,,0 days 00:00:19.286000,0 days 00:00:35.005000,0 days 00:00:19.627000,11.0,1,True
RUS,63,67.0,0 days 00:01:13.483000,2.0,MEDIUM,14.0,,,0 days 00:00:19.265000,0 days 00:00:34.728000,0 days 00:00:19.490000,11.0,1,True
RUS,63,70.0,0 days 00:01:14.303000,3.0,HARD,2.0,,,0 days 00:00:19.488000,0 days 00:00:35.161000,0 days 00:00:19.654000,11.0,1,True
RUS,63,71.0,0 days 00:01:14.053000,3.0,HARD,3.0,,,0 days 00:00:19.419000,0 days 00:00:35.042000,0 days 00:00:19.592000,11.0,1,True
RUS,63,72.0,0 days 00:01:13.865000,3.0,HARD,4.0,,,0 days 00:00:19.322000,0 days 00:00:34.965000,0 days 00:00:19.578000,11.0,1,True
RUS,63,73.0,0 days 00:01:13.596000,3.0,HARD,5.0,,,0 days 00:00:19.296000,0 days 00:00:34.733000,0 days 00:00:19.567000,11.0,1,True
RUS,63,74.0,0 days 00:01:13.405000,3.0,HARD,6.0,,,0 days 00:00:19.211000,0 days 00:00:34.690000,0 days 00:00:19.504000,11.0,1,True
RUS,63,75.0,0 days 00:01:13.773000,3.0,HARD,7.0,,,0 days 00:00:19.292000,0 days 00:00:34.746000,0 days 00:00:19.735000,11.0,1,True
RUS,63,76.0,0 days 00:01:14.490000,3.0,HARD,8.0,,,0 days 00:00:19.412000,0 days 00:00:35.040000,0 days 00:00:20.038000,11.0,1,True
SAI,55,5.0,0 days 00:01:20.580000,1.0,HARD,5.0,,,0 days 00:00:21.170000,0 days 00:00:37.671000,0 days 00:00:21.739000,11.0,1,True
SAI,55,6.0,0 days 00:01:21.056000,1.0,HARD,6.0,,,0 days 00:00:21.208000,0 days 00:00:38.086000,0 days 00:00:21.762000,11.0,1,True
SAI,55,7.0,0 days 00:01:21.577000,1.0,HARD,7.0,,,0 days 00:00:21.387000,0 days 00:00:38.385000,0 days 00:00:21.805000,11.0,1,True
SAI,55,8.0,0 days 00:01:20.384000,1.0,HARD,8.0,,,0 days 00:00:21.141000,0 days 00:00:37.935000,0 days 00:00:21.308000,11.0,12,True
SAI,55,9.0,0 days 00:01:23.673000,1.0,HARD,9.0,,,0 days 00:00:21.032000,0 days 00:00:40.775000,0 days 00:00:21.866000,11.0,2,True
SAI,55,10.0,0 days 00:01:21.668000,1.0,HARD,10.0,,,0 days 00:00:21.416000,0 days 00:00:38.732000,0 days 00:00:21.520000,11.0,2,True
SAI,55,11.0,0 days 00:01:19.430000,1.0,HARD,11.0,,,0 days 00:00:21.101000,0 days 00:00:37.017000,0 days 00:00:21.312000,11.0,21,True
SAI,55,12.0,0 days 00:01:20.134000,1.0,HARD,12.0,,,0 days 00:00:21.108000,0 days 00:00:37.673000,0 days 00:00:21.353000,11.0,1,True
SAI,55,13.0,0 days 00:01:19.149000,1.0,HARD,13.0,,,0 days 00:00:20.908000,0 days 00:00:37.095000,0 days 00:00:21.146000,11.0,1,True
SAI,55,14.0,0 days 00:01:19.429000,1.0,HARD,14.0,,,0 days 00:00:21.001000,0 days 00:00:37.410000,0 days 00:00:21.018000,11.0,1,True
SAI,55,15.0,0 days 00:01:19.999000,1.0,HARD,15.0,,,0 days 00:00:20.911000,0 days 00:00:37.607000,0 days 00:00:21.481000,11.0,1,True
SAI,55,16.0,0 days 00:01:20.697000,1.0,HARD,16.0,,,0 days 00:00:21.203000,0 days 00:00:37.839000,0 days 00:00:21.655000,11.0,1,True
SAI,55,17.0,0 days 00:01:21.060000,1.0,HARD,17.0,,,0 days 00:00:21.463000,0 days 00:00:38.284000,0 days 00:00:21.313000,11.0,1,True
SAI,55,18.0,0 days 00:01:20.143000,1.0,HARD,18.0,,,0 days 00:00:21.102000,0 days 00:00:37.529000,0 days 00:00:21.512000,11.0,1,True
SAI,55,19.0,0 days 00:01:19.522000,1.0,HARD,19.0,,,0 days 00:00:21.170000,0 days 00:00:37.086000,0 days 00:00:21.266000,11.0,1,True
SAI,55,20.0,0 days 00:01:17.855000,1.0,HARD,20.0,,,0 days 00:00:20.652000,0 days 00:00:36.577000,0 days 00:00:20.626000,11.0,1,True
SAI,55,21.0,0 days 00:01:17.461000,1.0,HARD,21.0,,,0 days 00:00:20.392000,0 days 00:00:36.522000,0 days 00:00:20.547000,11.0,1,True
SAI,55,22.0,0 days 00:01:17.064000,1.0,HARD,22.0,,,0 days 00:00:20.285000,0 days 00:00:36.360000,0 days 00:00:20.419000,11.0,1,True
SAI,55,23.0,0 days 00:01:16.750000,1.0,HARD,23.0,,,0 days 00:00:20.083000,0 days 00:00:36.350000,0 days 00:00:20.317000,11.0,1,True
SAI,55,24.0,0 days 00:01:17.018000,1.0,HARD,24.0,,,0 days 00:00:20.105000,0 days 00:00:36.345000,0 days 00:00:20.568000,11.0,1,True
SAI,55,25.0,0 days 00:01:20.726000,1.0,HARD,25.0,,,0 days 00:00:21.691000,0 days 00:00:37.684000,0 days 00:00:21.351000,11.0,1,True
SAI,55,26.0,0 days 00:01:19.310000,1.0,HARD,26.0,,,0 days 00:00:20.753000,0 days 00:00:37.293000,0 days 00:00:21.264000,11.0,1,True
SAI,55,27.0,0 days 00:01:19.588000,1.0,HARD,27.0,,,0 days 00:00:20.795000,0 days 00:00:37.501000,0 days 00:00:21.292000,11.0,1,True
SAI,55,28.0,0 days 00:01:19.617000,1.0,HARD,28.0,,,0 days 00:00:20.883000,0 days 00:00:37.587000,0 days 00:00:21.147000,11.0,1,True
SAI,55,29.0,0 days 00:01:19.113000,1.0,HARD,29.0,,,0 days 00:00:20.704000,0 days 00:00:37.398000,0 days 00:00:21.011000,11.0,1,True
SAI,55,30.0,0 days 00:01:20.644000,1.0,HARD,30.0,,,0 days 00:00:20.717000,0 days 00:00:37.634000,0 days 00:00:22.293000,11.0,1,True
SAI,55,31.0,0 days 00:01:17.277000,1.0,HARD,31.0,,,0 days 00:00:20.386000,0 days 00:00:36.996000,0 days 00:00:19.895000,11.0,1,True
SAI,55,32.0,0 days 00:01:20.054000,1.0,HARD,32.0,,,0 days 00:00:20.508000,0 days 00:00:38.515000,0 days 00:00:21.031000,11.0,1,True
SAI,55,33.0,0 days 00:01:20.878000,1.0,HARD,33.0,,,0 days 00:00:20.198000,0 days 00:00:38.501000,0 days 00:00:22.179000,11.0,1,True
SAI,55,34.0,0 days 00:01:19.220000,1.0,HARD,34.0,,,0 days 00:00:20.475000,0 days 00:00:37.592000,0 days 00:00:21.153000,11.0,1,True
SAI,55,35.0,0 days 00:01:19.464000,1.0,HARD,35.0,,,0 days 00:00:20.928000,0 days 00:00:37.435000,0 days 00:00:21.101000,11.0,1,True
SAI,55,36.0,0 days 00:01:19.778000,1.0,HARD,36.0,,,0 days 00:00:20.710000,0 days 00:00:37.035000,0 days 00:00:22.033000,11.0,1,True
SAI,55,37.0,0 days 00:01:18.753000,1.0,HARD,37.0,,,0 days 00:00:20.839000,0 days 00:00:37.145000,0 days 00:00:20.769000,10.0,12,True
SAI,55,38.0,0 days 00:01:18.526000,1.0,HARD,38.0,,,0 days 00:00:20.283000,0 days 00:00:37.332000,0 days 00:00:20.911000,10.0,1,True
SAI,55,39.0,0 days 00:01:18.819000,1.0,HARD,39.0,,,0 days 00:00:20.622000,0 days 00:00:37.275000,0 days 00:00:20.922000,10.0,1,True
SAI,55,40.0,0 days 00:01:18.988000,1.0,HARD,40.0,,,0 days 00:00:20.651000,0 days 00:00:37.240000,0 days 00:00:21.097000,10.0,1,True
SAI,55,41.0,0 days 00:01:16.822000,1.0,HARD,41.0,,,0 days 00:00:20.015000,0 days 00:00:36.420000,0 days 00:00:20.387000,10.0,1,True
SAI,55,42.0,0 days 00:01:16.706000,1.0,HARD,42.0,,,0 days 00:00:20.223000,0 days 00:00:36.415000,0 days 00:00:20.068000,9.0,1,True
SAI,55,43.0,0 days 00:01:15.881000,1.0,HARD,43.0,,,0 days 00:00:19.776000,0 days 00:00:36.071000,0 days 00:00:20.034000,9.0,1,True
SAI,55,44.0,0 days 00:01:16.059000,1.0,HARD,44.0,,,0 days 00:00:19.816000,0 days 00:00:36.097000,0 days 00:00:20.146000,9.0,1,True
SAI,55,45.0,0 days 00:01:16.124000,1.0,HARD,45.0,,,0 days 00:00:19.894000,0 days 00:00:36.165000,0 days 00:00:20.065000,9.0,1,True
SAI,55,46.0,0 days 00:01:16.081000,1.0,HARD,46.0,,,0 days 00:00:19.736000,0 days 00:00:36.146000,0 days 00:00:20.199000,9.0,1,True
SAI,55,47.0,0 days 00:01:15.516000,1.0,HARD,47.0,,,0 days 00:00:19.690000,0 days 00:00:35.971000,0 days 00:00:19.855000,9.0,1,True
SAI,55,50.0,0 days 00:01:15.287000,2.0,MEDIUM,2.0,,,0 days 00:00:19.754000,0 days 00:00:35.616000,0 days 00:00:19.917000,9.0,1,True
SAI,55,51.0,0 days 00:01:14.496000,2.0,MEDIUM,3.0,,,0 days 00:00:19.494000,0 days 00:00:35.417000,0 days 00:00:19.585000,9.0,1,True
SAI,55,52.0,0 days 00:01:14.634000,2.0,MEDIUM,4.0,,,0 days 00:00:19.389000,0 days 00:00:35.443000,0 days 00:00:19.802000,9.0,1,True
SAI,55,55.0,0 days 00:01:15.399000,3.0,MEDIUM,10.0,,,0 days 00:00:19.756000,0 days 00:00:35.618000,0 days 00:00:20.025000,9.0,1,True
SAI,55,56.0,0 days 00:01:14.596000,3.0,MEDIUM,11.0,,,0 days 00:00:19.482000,0 days 00:00:35.434000,0 days 00:00:19.680000,9.0,1,True
SAI,55,57.0,0 days 00:01:15.024000,3.0,MEDIUM,12.0,,,0 days 00:00:19.492000,0 days 00:00:35.554000,0 days 00:00:19.978000,9.0,1,True
SAI,55,58.0,0 days 00:01:16.214000,3.0,MEDIUM,13.0,,,0 days 00:00:19.645000,0 days 00:00:36.130000,0 days 00:00:20.439000,9.0,1,True
SAI,55,59.0,0 days 00:01:17.954000,3.0,MEDIUM,14.0,,,0 days 00:00:19.886000,0 days 00:00:37.820000,0 days 00:00:20.248000,9.0,1,True
SAI,55,60.0,0 days 00:01:16.693000,3.0,MEDIUM,15.0,,,0 days 00:00:19.966000,0 days 00:00:36.250000,0 days 00:00:20.477000,9.0,1,True
SAI,55,61.0,0 days 00:01:16.622000,3.0,MEDIUM,16.0,,,0 days 00:00:19.825000,0 days 00:00:36.376000,0 days 00:00:20.421000,9.0,1,True
SAI,55,62.0,0 days 00:01:16.990000,3.0,MEDIUM,17.0,,,0 days 00:00:19.986000,0 days 00:00:36.196000,0 days 00:00:20.808000,9.0,1,True
SAI,55,63.0,0 days 00:01:17.864000,3.0,MEDIUM,18.0,,,0 days 00:00:19.970000,0 days 00:00:36.705000,0 days 00:00:21.189000,9.0,1,True
SAI,55,64.0,0 days 00:01:20.206000,3.0,MEDIUM,19.0,,,0 days 00:00:20.580000,0 days 00:00:38.802000,0 days 00:00:20.824000,10.0,1,True
SAI,55,65.0,0 days 00:01:16.154000,3.0,MEDIUM,20.0,,,0 days 00:00:19.810000,0 days 00:00:36.287000,0 days 00:00:20.057000,10.0,1,True
SAI,55,66.0,0 days 00:01:14.264000,3.0,MEDIUM,21.0,,,0 days 00:00:19.394000,0 days 00:00:35.301000,0 days 00:00:19.569000,10.0,1,True
SAI,55,67.0,0 days 00:01:17.001000,3.0,MEDIUM,22.0,,,0 days 00:00:20.142000,0 days 00:00:36.584000,0 days 00:00:20.275000,10.0,1,True
SAI,55,68.0,0 days 00:01:13.988000,3.0,MEDIUM,23.0,,,0 days 00:00:19.340000,0 days 00:00:35.166000,0 days 00:00:19.482000,10.0,1,True
SAI,55,69.0,0 days 00:01:16.776000,3.0,MEDIUM,24.0,,,0 days 00:00:19.630000,0 days 00:00:36.579000,0 days 00:00:20.567000,10.0,1,True
SAI,55,70.0,0 days 00:01:14.360000,3.0,MEDIUM,25.0,,,0 days 00:00:19.356000,0 days 00:00:35.332000,0 days 00:00:19.672000,10.0,1,True
SAI,55,71.0,0 days 00:01:16.420000,3.0,MEDIUM,26.0,,,0 days 00:00:19.883000,0 days 00:00:36.144000,0 days 00:00:20.393000,10.0,1,True
SAI,55,72.0,0 days 00:01:15.794000,3.0,MEDIUM,27.0,,,0 days 00:00:19.649000,0 days 00:00:35.974000,0 days 00:00:20.171000,10.0,1,True
SAI,55,73.0,0 days 00:01:16.530000,3.0,MEDIUM,28.0,,,0 days 00:00:19.888000,0 days 00:00:36.170000,0 days 00:00:20.472000,10.0,1,True
SAI,55,74.0,0 days 00:01:14.295000,3.0,MEDIUM,29.0,,,0 days 00:00:19.429000,0 days 00:00:35.243000,0 days 00:00:19.623000,10.0,1,True
SAI,55,75.0,0 days 00:01:14.539000,3.0,MEDIUM,30.0,,,0 days 00:00:19.424000,0 days 00:00:35.357000,0 days 00:00:19.758000,10.0,1,True
SAI,55,76.0,0 days 00:01:15.182000,3.0,MEDIUM,31.0,,,0 days 00:00:19.432000,0 days 00:00:35.823000,0 days 00:00:19.927000,10.0,1,True
STR,18,5.0,0 days 00:01:20.285000,1.0,HARD,6.0,,,0 days 00:00:21.136000,0 days 00:00:37.834000,0 days 00:00:21.315000,16.0,1,True
STR,18,6.0,0 days 00:01:20.306000,1.0,HARD,7.0,,,0 days 00:00:21.107000,0 days 00:00:37.773000,0 days 00:00:21.426000,16.0,1,True
STR,18,7.0,0 days 00:01:21.196000,1.0,HARD,8.0,,,0 days 00:00:21.189000,0 days 00:00:38.295000,0 days 00:00:21.712000,16.0,1,True
STR,18,8.0,0 days 00:01:21.663000,1.0,HARD,9.0,,,0 days 00:00:21.185000,0 days 00:00:39.151000,0 days 00:00:21.327000,16.0,12,True
STR,18,9.0,0 days 00:01:22.321000,1.0,HARD,10.0,,,0 days 00:00:20.895000,0 days 00:00:39.290000,0 days 00:00:22.136000,16.0,2,True
STR,18,10.0,0 days 00:01:21.708000,1.0,HARD,11.0,,,0 days 00:00:21.199000,0 days 00:00:38.782000,0 days 00:00:21.727000,16.0,2,True
STR,18,11.0,0 days 00:01:20.118000,1.0,HARD,12.0,,,0 days 00:00:20.998000,0 days 00:00:37.856000,0 days 00:00:21.264000,16.0,21,True
STR,18,12.0,0 days 00:01:19.565000,1.0,HARD,13.0,,,0 days 00:00:20.816000,0 days 00:00:37.483000,0 days 00:00:21.266000,15.0,1,True
STR,18,13.0,0 days 00:01:19.387000,1.0,HARD,14.0,,,0 days 00:00:20.858000,0 days 00:00:37.526000,0 days 00:00:21.003000,14.0,1,True
STR,18,14.0,0 days 00:01:18.472000,1.0,HARD,15.0,,,0 days 00:00:20.429000,0 days 00:00:37.070000,0 days 00:00:20.973000,14.0,1,True
STR,18,15.0,0 days 00:01:19.347000,1.0,HARD,16.0,,,0 days 00:00:20.875000,0 days 00:00:37.163000,0 days 00:00:21.309000,14.0,1,True
STR,18,16.0,0 days 00:01:20.446000,1.0,HARD,17.0,,,0 days 00:00:21.046000,0 days 00:00:37.741000,0 days 00:00:21.659000,14.0,1,True
STR,18,19.0,0 days 00:01:16.581000,2.0,HARD,3.0,,,0 days 00:00:20.209000,0 days 00:00:35.999000,0 days 00:00:20.373000,18.0,1,True
STR,18,20.0,0 days 00:01:16.433000,2.0,HARD,4.0,,,0 days 00:00:20.176000,0 days 00:00:35.820000,0 days 00:00:20.437000,18.0,1,True
STR,18,21.0,0 days 00:01:16.907000,2.0,HARD,5.0,,,0 days 00:00:20.400000,0 days 00:00:36.010000,0 days 00:00:20.497000,18.0,1,True
STR,18,22.0,0 days 00:01:16.673000,2.0,HARD,6.0,,,0 days 00:00:20.102000,0 days 00:00:36.126000,0 days 00:00:20.445000,18.0,1,True
STR,18,23.0,0 days 00:01:16.579000,2.0,HARD,7.0,,,0 days 00:00:20.038000,0 days 00:00:35.934000,0 days 00:00:20.607000,18.0,1,True
STR,18,24.0,0 days 00:01:17.042000,2.0,HARD,8.0,,,0 days 00:00:20.183000,0 days 00:00:36.423000,0 days 00:00:20.436000,18.0,1,True
STR,18,25.0,0 days 00:01:17.241000,2.0,HARD,9.0,,,0 days 00:00:20.033000,0 days 00:00:36.404000,0 days 00:00:20.804000,18.0,1,True
STR,18,26.0,0 days 00:01:18.901000,2.0,HARD,10.0,,,0 days 00:00:20.279000,0 days 00:00:36.541000,0 days 00:00:22.081000,16.0,1,True
STR,18,27.0,0 days 00:01:17.027000,2.0,HARD,11.0,,,0 days 00:00:20.267000,0 days 00:00:36.353000,0 days 00:00:20.407000,16.0,1,True
STR,18,28.0,0 days 00:01:17.272000,2.0,HARD,12.0,,,0 days 00:00:19.992000,0 days 00:00:36.526000,0 days 00:00:20.754000,16.0,1,True
STR,18,29.0,0 days 00:01:20.119000,2.0,HARD,13.0,,,0 days 00:00:20.789000,0 days 00:00:38.482000,0 days 00:00:20.848000,16.0,1,True
STR,18,30.0,0 days 00:01:20.246000,2.0,HARD,14.0,,,0 days 00:00:20.663000,0 days 00:00:38.818000,0 days 00:00:20.765000,16.0,1,True
STR,18,31.0,0 days 00:01:19.721000,2.0,HARD,15.0,,,0 days 00:00:20.934000,0 days 00:00:38.171000,0 days 00:00:20.616000,16.0,1,True
STR,18,32.0,0 days 00:01:20.498000,2.0,HARD,16.0,,,0 days 00:00:21.639000,0 days 00:00:37.764000,0 days 00:00:21.095000,16.0,1,True
STR,18,33.0,0 days 00:01:18.230000,2.0,HARD,17.0,,,0 days 00:00:20.483000,0 days 00:00:36.848000,0 days 00:00:20.899000,16.0,1,True
STR,18,34.0,0 days 00:01:20.199000,2.0,HARD,18.0,,,0 days 00:00:20.533000,0 days 00:00:38.933000,0 days 00:00:20.733000,16.0,1,True
STR,18,35.0,0 days 00:01:18.217000,2.0,HARD,19.0,,,0 days 00:00:20.499000,0 days 00:00:36.731000,0 days 00:00:20.987000,16.0,1,True
STR,18,36.0,0 days 00:01:18.912000,2.0,HARD,20.0,,,0 days 00:00:20.626000,0 days 00:00:37.419000,0 days 00:00:20.867000,16.0,1,True
STR,18,37.0,0 days 00:01:18.946000,2.0,HARD,21.0,,,0 days 00:00:20.597000,0 days 00:00:37.362000,0 days 00:00:20.987000,15.0,12,True
STR,18,38.0,0 days 00:01:18.252000,2.0,HARD,22.0,,,0 days 00:00:20.484000,0 days 00:00:36.930000,0 days 00:00:20.838000,15.0,1,True
STR,18,39.0,0 days 00:01:18.805000,2.0,HARD,23.0,,,0 days 00:00:20.643000,0 days 00:00:37.281000,0 days 00:00:20.881000,15.0,1,True
STR,18,40.0,0 days 00:01:18.785000,2.0,HARD,24.0,,,0 days 00:00:20.603000,0 days 00:00:37.370000,0 days 00:00:20.812000,15.0,1,True
STR,18,41.0,0 days 00:01:18.701000,2.0,HARD,25.0,,,0 days 00:00:20.613000,0 days 00:00:37.203000,0 days 00:00:20.885000,15.0,1,True
STR,18,42.0,0 days 00:01:17.363000,2.0,HARD,26.0,,,0 days 00:00:20.237000,0 days 00:00:36.682000,0 days 00:00:20.444000,15.0,1,True
STR,18,43.0,0 days 00:01:17.762000,2.0,HARD,27.0,,,0 days 00:00:20.266000,0 days 00:00:36.767000,0 days 00:00:20.729000,15.0,1,True
STR,18,44.0,0 days 00:01:18.615000,2.0,HARD,28.0,,,0 days 00:00:20.473000,0 days 00:00:37.227000,0 days 00:00:20.915000,14.0,1,True
STR,18,45.0,0 days 00:01:19.045000,2.0,HARD,29.0,,,0 days 00:00:20.501000,0 days 00:00:37.547000,0 days 00:00:20.997000,14.0,1,True
STR,18,46.0,0 days 00:01:19.020000,2.0,HARD,30.0,,,0 days 00:00:20.615000,0 days 00:00:37.482000,0 days 00:00:20.923000,14.0,1,True
STR,18,47.0,0 days 00:01:20.384000,2.0,HARD,31.0,,,0 days 00:00:21.282000,0 days 00:00:38.120000,0 days 00:00:20.982000,14.0,1,True
STR,18,48.0,0 days 00:01:18.618000,2.0,HARD,32.0,,,0 days 00:00:20.584000,0 days 00:00:37.342000,0 days 00:00:20.692000,14.0,1,True
STR,18,49.0,0 days 00:01:18.251000,2.0,HARD,33.0,,,0 days 00:00:20.708000,0 days 00:00:36.868000,0 days 00:00:20.675000,14.0,1,True
STR,18,50.0,0 days 00:01:19.001000,2.0,HARD,34.0,,,0 days 00:00:20.586000,0 days 00:00:37.524000,0 days 00:00:20.891000,14.0,1,True
STR,18,51.0,0 days 00:01:20.289000,2.0,HARD,35.0,,,0 days 00:00:20.504000,0 days 00:00:38.746000,0 days 00:00:21.039000,14.0,1,True
STR,18,52.0,0 days 00:01:22.255000,2.0,HARD,36.0,,,0 days 00:00:21.675000,0 days 00:00:39.791000,0 days 00:00:20.789000,14.0,1,True
STR,18,53.0,0 days 00:01:18.963000,2.0,HARD,37.0,,,0 days 00:00:20.651000,0 days 00:00:37.193000,0 days 00:00:21.119000,14.0,1,True
STR,18,54.0,0 days 00:01:19.793000,2.0,HARD,38.0,,,0 days 00:00:21.430000,0 days 00:00:37.317000,0 days 00:00:21.046000,14.0,1,True
STR,18,55.0,0 days 00:01:18.805000,2.0,HARD,39.0,,,0 days 00:00:20.538000,0 days 00:00:37.249000,0 days 00:00:21.018000,14.0,1,True
STR,18,56.0,0 days 00:01:18.365000,2.0,HARD,40.0,,,0 days 00:00:20.513000,0 days 00:00:36.976000,0 days 00:00:20.876000,14.0,1,True
STR,18,57.0,0 days 00:01:18.494000,2.0,HARD,41.0,,,0 days 00:00:20.624000,0 days 00:00:36.940000,0 days 00:00:20.930000,14.0,1,True
STR,18,58.0,0 days 00:01:18.116000,2.0,HARD,42.0,,,0 days 00:00:20.326000,0 days 00:00:36.895000,0 days 00:00:20.895000,14.0,1,True
STR,18,59.0,0 days 00:01:19.183000,2.0,HARD,43.0,,,0 days 00:00:20.789000,0 days 00:00:37.427000,0 days 00:00:20.967000,14.0,1,True
STR,18,60.0,0 days 00:01:18.580000,2.0,HARD,44.0,,,0 days 00:00:20.536000,0 days 00:00:37.253000,0 days 00:00:20.791000,14.0,1,True
STR,18,61.0,0 days 00:01:18.751000,2.0,HARD,45.0,,,0 days 00:00:20.603000,0 days 00:00:37.071000,0 days 00:00:21.077000,14.0,1,True
STR,18,62.0,0 days 00:01:18.282000,2.0,HARD,46.0,,,0 days 00:00:20.257000,0 days 00:00:37.032000,0 days 00:00:20.993000,14.0,1,True
STR,18,63.0,0 days 00:01:18.974000,2.0,HARD,47.0,,,0 days 00:00:20.602000,0 days 00:00:37.086000,0 days 00:00:21.286000,14.0,1,True
STR,18,66.0,0 days 00:01:14.886000,3.0,MEDIUM,3.0,,,0 days 00:00:19.467000,0 days 00:00:35.490000,0 days 00:00:19.929000,18.0,1,True
STR,18,67.0,0 days 00:01:14.877000,3.0,MEDIUM,4.0,,,0 days 00:00:19.652000,0 days 00:00:35.303000,0 days 00:00:19.922000,18.0,1,True
STR,18,68.0,0 days 00:01:15.326000,3.0,MEDIUM,5.0,,,0 days 00:00:19.389000,0 days 00:00:35.599000,0 days 00:00:20.338000,18.0,1,True
STR,18,69.0,0 days 00:01:15.247000,3.0,MEDIUM,6.0,,,0 days 00:00:19.555000,0 days 00:00:35.425000,0 days 00:00:20.267000,17.0,1,True
STR,18,70.0,0 days 00:01:16.215000,3.0,MEDIUM,7.0,,,0 days 00:00:19.819000,0 days 00:00:36.204000,0 days 00:00:20.192000,17.0,1,True
STR,18,71.0,0 days 00:01:16.555000,3.0,MEDIUM,8.0,,,0 days 00:00:19.910000,0 days 00:00:36.118000,0 days 00:00:20.527000,17.0,1,True
STR,18,72.0,0 days 00:01:16.161000,3.0,MEDIUM,9.0,,,0 days 00:00:19.651000,0 days 00:00:35.924000,0 days 00:00:20.586000,17.0,1,True
STR,18,73.0,0 days 00:01:15.952000,3.0,MEDIUM,10.0,,,0 days 00:00:19.627000,0 days 00:00:36.078000,0 days 00:00:20.247000,16.0,1,True
STR,18,74.0,0 days 00:01:17.061000,3.0,MEDIUM,11.0,,,0 days 00:00:19.810000,0 days 00:00:37.098000,0 days 00:00:20.153000,16.0,1,True
STR,18,75.0,0 days 00:01:16.313000,3.0,MEDIUM,12.0,,,0 days 00:00:19.870000,0 days 00:00:36.305000,0 days 00:00:20.138000,16.0,1,True
STR,18,76.0,0 days 00:01:17.596000,3.0,MEDIUM,13.0,,,0 days 00:00:20.154000,0 days 00:00:36.818000,0 days 00:00:20.624000,15.0,1,True
TSU,22,5.0,0 days 00:01:18.663000,2.0,HARD,4.0,,,0 days 00:00:21.055000,0 days 00:00:36.977000,0 days 00:00:20.631000,17.0,1,True
TSU,22,6.0,0 days 00:01:18.281000,2.0,HARD,5.0,,,0 days 00:00:20.891000,0 days 00:00:36.667000,0 days 00:00:20.723000,17.0,1,True
TSU,22,7.0,0 days 00:01:19.157000,2.0,HARD,6.0,,,0 days 00:00:20.886000,0 days 00:00:37.098000,0 days 00:00:21.173000,17.0,1,True
TSU,22,8.0,0 days 00:01:23.351000,2.0,HARD,7.0,,,0 days 00:00:21.096000,0 days 00:00:40.024000,0 days 00:00:22.231000,17.0,12,True
TSU,22,9.0,0 days 00:01:19.611000,2.0,HARD,8.0,,,0 days 00:00:20.404000,0 days 00:00:37.584000,0 days 00:00:21.623000,17.0,2,True
TSU,22,10.0,0 days 00:01:21.823000,2.0,HARD,9.0,,,0 days 00:00:21.099000,0 days 00:00:38.939000,0 days 00:00:21.785000,17.0,2,True
TSU,22,11.0,0 days 00:01:20.088000,2.0,HARD,10.0,,,0 days 00:00:20.929000,0 days 00:00:37.890000,0 days 00:00:21.269000,17.0,21,True
TSU,22,12.0,0 days 00:01:19.637000,2.0,HARD,11.0,,,0 days 00:00:20.862000,0 days 00:00:37.540000,0 days 00:00:21.235000,16.0,1,True
TSU,22,13.0,0 days 00:01:19.301000,2.0,HARD,12.0,,,0 days 00:00:20.856000,0 days 00:00:37.714000,0 days 00:00:20.731000,15.0,1,True
TSU,22,14.0,0 days 00:01:18.775000,2.0,HARD,13.0,,,0 days 00:00:20.772000,0 days 00:00:37.026000,0 days 00:00:20.977000,15.0,1,True
TSU,22,15.0,0 days 00:01:19.086000,2.0,HARD,14.0,,,0 days 00:00:20.680000,0 days 00:00:37.202000,0 days 00:00:21.204000,15.0,1,True
TSU,22,16.0,0 days 00:01:20.444000,2.0,HARD,15.0,,,0 days 00:00:20.925000,0 days 00:00:37.780000,0 days 00:00:21.739000,15.0,1,True
TSU,22,17.0,0 days 00:01:21.081000,2.0,HARD,16.0,,,0 days 00:00:21.183000,0 days 00:00:38.321000,0 days 00:00:21.577000,14.0,1,True
TSU,22,18.0,0 days 00:01:19.608000,2.0,HARD,17.0,,,0 days 00:00:20.927000,0 days 00:00:37.480000,0 days 00:00:21.201000,14.0,1,True
TSU,22,19.0,0 days 00:01:19.752000,2.0,HARD,18.0,,,0 days 00:00:21.070000,0 days 00:00:37.720000,0 days 00:00:20.962000,14.0,1,True
TSU,22,20.0,0 days 00:01:18.896000,2.0,HARD,19.0,,,0 days 00:00:20.827000,0 days 00:00:37.430000,0 days 00:00:20.639000,14.0,1,True
TSU,22,21.0,0 days 00:01:17.885000,2.0,HARD,20.0,,,0 days 00:00:20.562000,0 days 00:00:36.776000,0 days 00:00:20.547000,14.0,1,True
TSU,22,22.0,0 days 00:01:17.395000,2.0,HARD,21.0,,,0 days 00:00:20.332000,0 days 00:00:36.546000,0 days 00:00:20.517000,14.0,1,True
TSU,22,23.0,0 days 00:01:16.933000,2.0,HARD,22.0,,,0 days 00:00:20.268000,0 days 00:00:36.241000,0 days 00:00:20.424000,14.0,1,True
TSU,22,24.0,0 days 00:01:17.026000,2.0,HARD,23.0,,,0 days 00:00:20.125000,0 days 00:00:36.485000,0 days 00:00:20.416000,14.0,1,True
TSU,22,25.0,0 days 00:01:18.413000,2.0,HARD,24.0,,,0 days 00:00:20.113000,0 days 00:00:36.980000,0 days 00:00:21.320000,14.0,1,True
TSU,22,26.0,0 days 00:01:19.530000,2.0,HARD,25.0,,,0 days 00:00:21.007000,0 days 00:00:37.213000,0 days 00:00:21.310000,14.0,1,True
TSU,22,27.0,0 days 00:01:19.565000,2.0,HARD,26.0,,,0 days 00:00:20.804000,0 days 00:00:37.494000,0 days 00:00:21.267000,14.0,1,True
TSU,22,28.0,0 days 00:01:19.786000,2.0,HARD,27.0,,,0 days 00:00:20.978000,0 days 00:00:37.380000,0 days 00:00:21.428000,14.0,1,True
TSU,22,29.0,0 days 00:01:19.313000,2.0,HARD,28.0,,,0 days 00:00:20.802000,0 days 00:00:37.243000,0 days 00:00:21.268000,14.0,1,True
TSU,22,30.0,0 days 00:01:20.165000,2.0,HARD,29.0,,,0 days 00:00:21.304000,0 days 00:00:37.579000,0 days 00:00:21.282000,14.0,1,True
TSU,22,31.0,0 days 00:01:20.088000,2.0,HARD,30.0,,,0 days 00:00:21.495000,0 days 00:00:37.505000,0 days 00:00:21.088000,14.0,1,True
TSU,22,32.0,0 days 00:01:20.951000,2.0,HARD,31.0,,,0 days 00:00:21.563000,0 days 00:00:38.655000,0 days 00:00:20.733000,14.0,1,True
TSU,22,33.0,0 days 00:01:18.035000,2.0,HARD,32.0,,,0 days 00:00:20.354000,0 days 00:00:36.853000,0 days 00:00:20.828000,14.0,1,True
TSU,22,34.0,0 days 00:01:18.623000,2.0,HARD,33.0,,,0 days 00:00:20.607000,0 days 00:00:37.058000,0 days 00:00:20.958000,14.0,1,True
TSU,22,35.0,0 days 00:01:20.269000,2.0,HARD,34.0,,,0 days 00:00:20.798000,0 days 00:00:37.443000,0 days 00:00:22.028000,14.0,1,True
TSU,22,36.0,0 days 00:01:18.945000,2.0,HARD,35.0,,,0 days 00:00:20.810000,0 days 00:00:37.254000,0 days 00:00:20.881000,14.0,1,True
TSU,22,37.0,0 days 00:01:18.933000,2.0,HARD,36.0,,,0 days 00:00:20.681000,0 days 00:00:37.202000,0 days 00:00:21.050000,13.0,12,True
TSU,22,38.0,0 days 00:01:18.168000,2.0,HARD,37.0,,,0 days 00:00:20.426000,0 days 00:00:36.964000,0 days 00:00:20.778000,13.0,1,True
TSU,22,39.0,0 days 00:01:18.879000,2.0,HARD,38.0,,,0 days 00:00:20.667000,0 days 00:00:37.289000,0 days 00:00:20.923000,13.0,1,True
TSU,22,40.0,0 days 00:01:18.913000,2.0,HARD,39.0,,,0 days 00:00:20.591000,0 days 00:00:37.253000,0 days 00:00:21.069000,13.0,1,True
TSU,22,41.0,0 days 00:01:18.272000,2.0,HARD,40.0,,,0 days 00:00:20.474000,0 days 00:00:37.090000,0 days 00:00:20.708000,13.0,1,True
TSU,22,42.0,0 days 00:01:17.292000,2.0,HARD,41.0,,,0 days 00:00:20.098000,0 days 00:00:36.551000,0 days 00:00:20.643000,13.0,1,True
TSU,22,43.0,0 days 00:01:18.050000,2.0,HARD,42.0,,,0 days 00:00:20.261000,0 days 00:00:37.014000,0 days 00:00:20.775000,13.0,1,True
TSU,22,44.0,0 days 00:01:18.827000,2.0,HARD,43.0,,,0 days 00:00:20.596000,0 days 00:00:37.078000,0 days 00:00:21.153000,13.0,1,True
TSU,22,45.0,0 days 00:01:19.266000,2.0,HARD,44.0,,,0 days 00:00:20.609000,0 days 00:00:37.751000,0 days 00:00:20.906000,13.0,1,True
TSU,22,46.0,0 days 00:01:19.246000,2.0,HARD,45.0,,,0 days 00:00:20.706000,0 days 00:00:37.582000,0 days 00:00:20.958000,13.0,1,True
TSU,22,47.0,0 days 00:01:20.203000,2.0,HARD,46.0,,,0 days 00:00:20.676000,0 days 00:00:38.516000,0 days 00:00:21.011000,13.0,1,True
TSU,22,48.0,0 days 00:01:18.979000,2.0,HARD,47.0,,,0 days 00:00:20.724000,0 days 00:00:37.437000,0 days 00:00:20.818000,13.0,1,True
TSU,22,49.0,0 days 00:01:17.998000,2.0,HARD,48.0,,,0 days 00:00:20.189000,0 days 00:00:36.962000,0 days 00:00:20.847000,13.0,1,True
TSU,22,50.0,0 days 00:01:19.205000,2.0,HARD,49.0,,,0 days 00:00:20.616000,0 days 00:00:37.502000,0 days 00:00:21.087000,13.0,1,True
TSU,22,51.0,0 days 00:01:20.267000,2.0,HARD,50.0,,,0 days 00:00:20.423000,0 days 00:00:37.604000,0 days 00:00:22.240000,13.0,1,True
TSU,22,52.0,0 days 00:01:21.891000,2.0,HARD,51.0,,,0 days 00:00:20.923000,0 days 00:00:38.889000,0 days 00:00:22.079000,13.0,1,True
TSU,22,53.0,0 days 00:01:19.395000,2.0,HARD,52.0,,,0 days 00:00:20.861000,0 days 00:00:37.350000,0 days 00:00:21.184000,13.0,1,True
TSU,22,54.0,0 days 00:01:19.566000,2.0,HARD,53.0,,,0 days 00:00:20.993000,0 days 00:00:37.495000,0 days 00:00:21.078000,13.0,1,True
TSU,22,55.0,0 days 00:01:18.811000,2.0,HARD,54.0,,,0 days 00:00:20.522000,0 days 00:00:37.290000,0 days 00:00:20.999000,13.0,1,True
TSU,22,56.0,0 days 00:01:18.408000,2.0,HARD,55.0,,,0 days 00:00:20.499000,0 days 00:00:37.026000,0 days 00:00:20.883000,13.0,1,True
TSU,22,57.0,0 days 00:01:18.497000,2.0,HARD,56.0,,,0 days 00:00:20.449000,0 days 00:00:37.102000,0 days 00:00:20.946000,13.0,1,True
TSU,22,58.0,0 days 00:01:18.253000,2.0,HARD,57.0,,,0 days 00:00:20.183000,0 days 00:00:37.071000,0 days 00:00:20.999000,13.0,1,True
TSU,22,59.0,0 days 00:01:19.028000,2.0,HARD,58.0,,,0 days 00:00:20.736000,0 days 00:00:37.412000,0 days 00:00:20.880000,13.0,1,True
TSU,22,60.0,0 days 00:01:18.810000,2.0,HARD,59.0,,,0 days 00:00:20.485000,0 days 00:00:37.386000,0 days 00:00:20.939000,13.0,1,True
TSU,22,61.0,0 days 00:01:18.547000,2.0,HARD,60.0,,,0 days 00:00:20.249000,0 days 00:00:37.332000,0 days 00:00:20.966000,13.0,1,True
TSU,22,62.0,0 days 00:01:18.430000,2.0,HARD,61.0,,,0 days 00:00:20.205000,0 days 00:00:37.246000,0 days 00:00:20.979000,13.0,1,True
TSU,22,63.0,0 days 00:01:18.923000,2.0,HARD,62.0,,,0 days 00:00:20.500000,0 days 00:00:37.194000,0 days 00:00:21.229000,13.0,1,True
TSU,22,64.0,0 days 00:01:18.512000,2.0,HARD,63.0,,,0 days 00:00:20.460000,0 days 00:00:37.080000,0 days 00:00:20.972000,13.0,1,True
TSU,22,65.0,0 days 00:01:17.611000,2.0,HARD,64.0,,,0 days 00:00:20.035000,0 days 00:00:36.828000,0 days 00:00:20.748000,13.0,1,True
TSU,22,66.0,0 days 00:01:17.610000,2.0,HARD,65.0,,,0 days 00:00:20.104000,0 days 00:00:37.102000,0 days 00:00:20.404000,13.0,1,True
TSU,22,67.0,0 days 00:01:15.969000,2.0,HARD,66.0,,,0 days 00:00:19.904000,0 days 00:00:35.962000,0 days 00:00:20.103000,13.0,1,True
TSU,22,68.0,0 days 00:01:15.966000,2.0,HARD,67.0,,,0 days 00:00:19.717000,0 days 00:00:36.084000,0 days 00:00:20.165000,13.0,1,True
TSU,22,69.0,0 days 00:01:18.332000,2.0,HARD,68.0,,,0 days 00:00:19.727000,0 days 00:00:38.085000,0 days 00:00:20.520000,12.0,1,True
TSU,22,70.0,0 days 00:01:16.046000,2.0,HARD,69.0,,,0 days 00:00:19.803000,0 days 00:00:36.101000,0 days 00:00:20.142000,12.0,1,True
TSU,22,71.0,0 days 00:01:15.607000,2.0,HARD,70.0,,,0 days 00:00:19.779000,0 days 00:00:35.830000,0 days 00:00:19.998000,12.0,1,True
TSU,22,72.0,0 days 00:01:15.320000,2.0,HARD,71.0,,,0 days 00:00:19.713000,0 days 00:00:35.682000,0 days 00:00:19.925000,12.0,1,True
TSU,22,75.0,0 days 00:01:14.913000,3.0,MEDIUM,2.0,,,0 days 00:00:19.624000,0 days 00:00:35.388000,0 days 00:00:19.901000,17.0,1,True
TSU,22,76.0,0 days 00:01:15.886000,3.0,MEDIUM,3.0,,,0 days 00:00:19.262000,0 days 00:00:35.731000,0 days 00:00:20.893000,17.0,1,True
VER,1,5.0,0 days 00:01:20.800000,1.0,HARD,5.0,,,0 days 00:00:21.744000,0 days 00:00:37.485000,0 days 00:00:21.571000,4.0,1,True
VER,1,6.0,0 days 00:01:20.011000,1.0,HARD,6.0,,,0 days 00:00:21.370000,0 days 00:00:37.325000,0 days 00:00:21.316000,4.0,1,True
VER,1,7.0,0 days 00:01:18.968000,1.0,HARD,7.0,,,0 days 00:00:21.250000,0 days 00:00:37.105000,0 days 00:00:20.613000,4.0,1,True
VER,1,8.0,0 days 00:01:17.714000,1.0,HARD,8.0,,,0 days 00:00:20.467000,0 days 00:00:36.796000,0 days 00:00:20.451000,4.0,12,True
VER,1,9.0,0 days 00:01:21.205000,1.0,HARD,9.0,,,0 days 00:00:20.277000,0 days 00:00:39.989000,0 days 00:00:20.939000,4.0,2,True
VER,1,10.0,0 days 00:01:19.169000,1.0,HARD,10.0,,,0 days 00:00:20.440000,0 days 00:00:38.145000,0 days 00:00:20.584000,4.0,2,True
VER,1,11.0,0 days 00:01:17.481000,1.0,HARD,11.0,,,0 days 00:00:20.295000,0 days 00:00:36.676000,0 days 00:00:20.510000,4.0,21,True
VER,1,12.0,0 days 00:01:18.128000,1.0,HARD,12.0,,,0 days 00:00:20.612000,0 days 00:00:37.001000,0 days 00:00:20.515000,4.0,1,True
VER,1,13.0,0 days 00:01:17.122000,1.0,HARD,13.0,,,0 days 00:00:20.309000,0 days 00:00:36.424000,0 days 00:00:20.389000,4.0,1,True
VER,1,14.0,0 days 00:01:16.810000,1.0,HARD,14.0,,,0 days 00:00:20.267000,0 days 00:00:36.267000,0 days 00:00:20.276000,4.0,1,True
VER,1,15.0,0 days 00:01:16.380000,1.0,HARD,15.0,,,0 days 00:00:20.364000,0 days 00:00:35.859000,0 days 00:00:20.157000,4.0,1,True
VER,1,16.0,0 days 00:01:15.392000,1.0,HARD,16.0,,,0 days 00:00:19.731000,0 days 00:00:35.563000,0 days 00:00:20.098000,4.0,1,True
VER,1,17.0,0 days 00:01:15.131000,1.0,HARD,17.0,,,0 days 00:00:19.685000,0 days 00:00:35.563000,0 days 00:00:19.883000,4.0,1,True
VER,1,18.0,0 days 00:01:15.035000,1.0,HARD,18.0,,,0 days 00:00:19.671000,0 days 00:00:35.457000,0 days 00:00:19.907000,4.0,1,True
VER,1,19.0,0 days 00:01:15.413000,1.0,HARD,19.0,,,0 days 00:00:19.780000,0 days 00:00:35.664000,0 days 00:00:19.969000,3.0,1,True
VER,1,20.0,0 days 00:01:15.233000,1.0,HARD,20.0,,,0 days 00:00:19.782000,0 days 00:00:35.584000,0 days 00:00:19.867000,2.0,1,True
VER,1,21.0,0 days 00:01:15.248000,1.0,HARD,21.0,,,0 days 00:00:19.689000,0 days 00:00:35.577000,0 days 00:00:19.982000,2.0,1,True
VER,1,22.0,0 days 00:01:15.291000,1.0,HARD,22.0,,,0 days 00:00:19.708000,0 days 00:00:35.680000,0 days 00:00:19.903000,1.0,1,True
VER,1,23.0,0 days 00:01:15.254000,1.0,HARD,23.0,,,0 days 00:00:19.733000,0 days 00:00:35.652000,0 days 00:00:19.869000,1.0,1,True
VER,1,24.0,0 days 00:01:15.181000,1.0,HARD,24.0,,,0 days 00:00:19.692000,0 days 00:00:35.626000,0 days 00:00:19.863000,1.0,1,True
VER,1,25.0,0 days 00:01:15.175000,1.0,HARD,25.0,,,0 days 00:00:19.654000,0 days 00:00:35.602000,0 days 00:00:19.919000,1.0,1,True
VER,1,26.0,0 days 00:01:16.288000,1.0,HARD,26.0,,,0 days 00:00:20.045000,0 days 00:00:36.058000,0 days 00:00:20.185000,1.0,1,True
VER,1,27.0,0 days 00:01:16.323000,1.0,HARD,27.0,,,0 days 00:00:20.056000,0 days 00:00:35.969000,0 days 00:00:20.298000,1.0,1,True
VER,1,30.0,0 days 00:01:15.074000,2.0,MEDIUM,2.0,,,0 days 00:00:19.719000,0 days 00:00:35.517000,0 days 00:00:19.838000,4.0,1,True
VER,1,31.0,0 days 00:01:15.133000,2.0,MEDIUM,3.0,,,0 days 00:00:19.737000,0 days 00:00:35.377000,0 days 00:00:20.019000,4.0,1,True
VER,1,32.0,0 days 00:01:15.424000,2.0,MEDIUM,4.0,,,0 days 00:00:19.687000,0 days 00:00:35.603000,0 days 00:00:20.134000,4.0,1,True
VER,1,33.0,0 days 00:01:16.213000,2.0,MEDIUM,5.0,,,0 days 00:00:20.137000,0 days 00:00:35.965000,0 days 00:00:20.111000,4.0,1,True
VER,1,34.0,0 days 00:01:15.800000,2.0,MEDIUM,6.0,,,0 days 00:00:19.875000,0 days 00:00:35.765000,0 days 00:00:20.160000,4.0,1,True
VER,1,35.0,0 days 00:01:15.330000,2.0,MEDIUM,7.0,,,0 days 00:00:19.747000,0 days 00:00:35.817000,0 days 00:00:19.766000,4.0,1,True
VER,1,36.0,0 days 00:01:14.976000,2.0,MEDIUM,8.0,,,0 days 00:00:19.598000,0 days 00:00:35.487000,0 days 00:00:19.891000,4.0,1,True
VER,1,37.0,0 days 00:01:15.025000,2.0,MEDIUM,9.0,,,0 days 00:00:19.696000,0 days 00:00:35.480000,0 days 00:00:19.849000,4.0,1,True
VER,1,38.0,0 days 00:01:14.677000,2.0,MEDIUM,10.0,,,0 days 00:00:19.623000,0 days 00:00:35.174000,0 days 00:00:19.880000,4.0,12,True
VER,1,39.0,0 days 00:01:14.785000,2.0,MEDIUM,11.0,,,0 days 00:00:19.649000,0 days 00:00:35.315000,0 days 00:00:19.821000,4.0,1,True
VER,1,40.0,0 days 00:01:14.421000,2.0,MEDIUM,12.0,,,0 days 00:00:19.394000,0 days 00:00:35.181000,0 days 00:00:19.846000,4.0,1,True
VER,1,41.0,0 days 00:01:14.390000,2.0,MEDIUM,13.0,,,0 days 00:00:19.417000,0 days 00:00:35.304000,0 days 00:00:19.669000,4.0,1,True
VER,1,42.0,0 days 00:01:14.456000,2.0,MEDIUM,14.0,,,0 days 00:00:19.417000,0 days 00:00:35.224000,0 days 00:00:19.815000,4.0,1,True
VER,1,43.0,0 days 00:01:14.567000,2.0,MEDIUM,15.0,,,0 days 00:00:19.481000,0 days 00:00:35.255000,0 days 00:00:19.831000,4.0,1,True
VER,1,44.0,0 days 00:01:14.380000,2.0,MEDIUM,16.0,,,0 days 00:00:19.606000,0 days 00:00:35.103000,0 days 00:00:19.671000,4.0,1,True
VER,1,45.0,0 days 00:01:14.230000,2.0,MEDIUM,17.0,,,0 days 00:00:19.363000,0 days 00:00:35.111000,0 days 00:00:19.756000,4.0,1,True
VER,1,46.0,0 days 00:01:14.897000,2.0,MEDIUM,18.0,,,0 days 00:00:19.768000,0 days 00:00:35.294000,0 days 00:00:19.835000,4.0,1,True
VER,1,47.0,0 days 00:01:14.859000,2.0,MEDIUM,19.0,,,0 days 00:00:19.698000,0 days 00:00:35.394000,0 days 00:00:19.767000,4.0,1,True
VER,1,48.0,0 days 00:01:14.538000,2.0,MEDIUM,20.0,,,0 days 00:00:19.396000,0 days 00:00:35.389000,0 days 00:00:19.753000,3.0,1,True
VER,1,49.0,0 days 00:01:14.261000,2.0,MEDIUM,21.0,,,0 days 00:00:19.233000,0 days 00:00:35.294000,0 days 00:00:19.734000,2.0,1,True
VER,1,50.0,0 days 00:01:14.426000,2.0,MEDIUM,22.0,,,0 days 00:00:19.400000,0 days 00:00:35.341000,0 days 00:00:19.685000,1.0,1,True
VER,1,51.0,0 days 00:01:15.165000,2.0,MEDIUM,23.0,,,0 days 00:00:19.475000,0 days 00:00:35.782000,0 days 00:00:19.908000,1.0,1,True
VER,1,52.0,0 days 00:01:16.328000,2.0,MEDIUM,24.0,,,0 days 00:00:19.804000,0 days 00:00:36.130000,0 days 00:00:20.394000,1.0,1,True
VER,1,53.0,0 days 00:01:17.547000,2.0,MEDIUM,25.0,,,0 days 00:00:19.853000,0 days 00:00:37.060000,0 days 00:00:20.634000,1.0,1,True
VER,1,54.0,0 days 00:01:15.872000,2.0,MEDIUM,26.0,,,0 days 00:00:19.944000,0 days 00:00:36.007000,0 days 00:00:19.921000,1.0,1,True
VER,1,55.0,0 days 00:01:15.620000,2.0,MEDIUM,27.0,,,0 days 00:00:19.683000,0 days 00:00:36.003000,0 days 00:00:19.934000,1.0,1,True
VER,1,56.0,0 days 00:01:15.330000,2.0,MEDIUM,28.0,,,0 days 00:00:19.636000,0 days 00:00:35.810000,0 days 00:00:19.884000,1.0,1,True
VER,1,57.0,0 days 00:01:15.418000,2.0,MEDIUM,29.0,,,0 days 00:00:19.747000,0 days 00:00:35.825000,0 days 00:00:19.846000,1.0,1,True
VER,1,58.0,0 days 00:01:15.247000,2.0,MEDIUM,30.0,,,0 days 00:00:19.544000,0 days 00:00:35.890000,0 days 00:00:19.813000,1.0,1,True
VER,1,59.0,0 days 00:01:15.350000,2.0,MEDIUM,31.0,,,0 days 00:00:19.588000,0 days 00:00:35.921000,0 days 00:00:19.841000,1.0,1,True
VER,1,60.0,0 days 00:01:15.088000,2.0,MEDIUM,32.0,,,0 days 00:00:19.610000,0 days 00:00:35.657000,0 days 00:00:19.821000,1.0,1,True
VER,1,61.0,0 days 00:01:15.064000,2.0,MEDIUM,33.0,,,0 days 00:00:19.641000,0 days 00:00:35.644000,0 days 00:00:19.779000,1.0,1,True
VER,1,62.0,0 days 00:01:15.130000,2.0,MEDIUM,34.0,,,0 days 00:00:19.451000,0 days 00:00:35.860000,0 days 00:00:19.819000,1.0,1,True
VER,1,63.0,0 days 00:01:15.088000,2.0,MEDIUM,35.0,,,0 days 00:00:19.516000,0 days 00:00:35.850000,0 days 00:00:19.722000,1.0,1,True
VER,1,64.0,0 days 00:01:15.240000,2.0,MEDIUM,36.0,,,0 days 00:00:19.466000,0 days 00:00:36.021000,0 days 00:00:19.753000,1.0,1,True
VER,1,65.0,0 days 00:01:15.122000,2.0,MEDIUM,37.0,,,0 days 00:00:19.503000,0 days 00:00:35.887000,0 days 00:00:19.732000,1.0,1,True
VER,1,66.0,0 days 00:01:15.214000,2.0,MEDIUM,38.0,,,0 days 00:00:19.485000,0 days 00:00:35.975000,0 days 00:00:19.754000,1.0,1,True
VER,1,67.0,0 days 00:01:15.551000,2.0,MEDIUM,39.0,,,0 days 00:00:19.662000,0 days 00:00:35.956000,0 days 00:00:19.933000,1.0,1,True
VER,1,68.0,0 days 00:01:16.273000,2.0,MEDIUM,40.0,,,0 days 00:00:19.739000,0 days 00:00:36.508000,0 days 00:00:20.026000,1.0,1,True
VER,1,69.0,0 days 00:01:16.063000,2.0,MEDIUM,41.0,,,0 days 00:00:19.746000,0 days 00:00:36.449000,0 days 00:00:19.868000,1.0,1,True
VER,1,70.0,0 days 00:01:15.812000,2.0,MEDIUM,42.0,,,0 days 00:00:19.745000,0 days 00:00:36.327000,0 days 00:00:19.740000,1.0,1,True
VER,1,71.0,0 days 00:01:16.058000,2.0,MEDIUM,43.0,,,0 days 00:00:19.778000,0 days 00:00:36.396000,0 days 00:00:19.884000,1.0,1,True
VER,1,72.0,0 days 00:01:16.072000,2.0,MEDIUM,44.0,,,0 days 00:00:19.879000,0 days 00:00:36.242000,0 days 00:00:19.951000,1.0,1,True
VER,1,73.0,0 days 00:01:16.221000,2.0,MEDIUM,45.0,,,0 days 00:00:19.818000,0 days 00:00:36.413000,0 days 00:00:19.990000,1.0,1,True
VER,1,74.0,0 days 00:01:16.349000,2.0,MEDIUM,46.0,,,0 days 00:00:20.007000,0 days 00:00:36.387000,0 days 00:00:19.955000,1.0,1,True
VER,1,75.0,0 days 00:01:16.344000,2.0,MEDIUM,47.0,,,0 days 00:00:19.870000,0 days 00:00:36.434000,0 days 00:00:20.040000,1.0,1,True
VER,1,76.0,0 days 00:01:16.468000,2.0,MEDIUM,48.0,,,0 days 00:00:19.865000,0 days 00:00:36.470000,0 days 00:00:20.133000,1.0,1,True
