Date,SessionTime,DriverAhead,DistanceToDriverAhead,Time,RPM,Speed,nGear,Throttle,Brake,DRS,Source,Distance,RelativeDistance,Status,X,Y,Z
2025-05-25 14:42:30.078,0 days 02:35:29.692000,,,0 days 00:00:00,10732.3001472,268.9142893714286,7,99.0,False,0,pos,0.21493411837871923,6.518425260182057e-05,OnTrack,-7669.0,-6498.0,502.0
2025-05-25 14:42:30.154,0 days 02:35:29.768000,,,0 days 00:00:00.076000,10776.0,270.0,7,99.0,False,0,car,5.926666666666668,0.0017974128072401978,OnTrack,-7672.304498154592,-6450.761203907812,502.18334975721325
2025-05-25 14:42:30.354,0 days 02:35:29.968000,,,0 days 00:00:00.276000,10818.0,271.0,7,99.0,False,0,car,20.982222222222223,0.006363393972989106,OnTrack,-7677.158229169622,-6379.633322598468,502.8733178439401
2025-05-25 14:42:30.418,0 days 02:35:30.032000,,,0 days 00:00:00.340000,10856.628571428571,271.0,7,99.0,False,0,pos,25.78923491735508,0.007821243160187872,OnTrack,-7678.0,-6347.0,503.0
2025-05-25 14:42:30.634,0 days 02:35:30.248000,,,0 days 00:00:00.556000,10987.0,271.0,7,99.0,False,0,car,42.06,0.012755767605037579,OnTrack,-7678.069365425301,-6185.272549706175,503.0123893562054
2025-05-25 14:42:30.677,0 days 02:35:30.291000,,,0 days 00:00:00.599000,10997.750016,272.343752,7,99.0,False,0,pos,45.34204500317943,0.013751131450254687,OnTrack,-7677.0,-6151.0,503.0
2025-05-25 14:42:30.794,0 days 02:35:30.408000,,,0 days 00:00:00.716000,11027.0,276.0,7,99.0,False,0,car,54.32666666666667,0.016475947093588718,OnTrack,-7672.138820909826,-6060.304191198126,502.9991385520671
2025-05-25 14:42:30.797,0 days 02:35:30.411000,,,0 days 00:00:00.719000,11023.1842936,276.0,7,98.109356,False,0,pos,54.55720517106237,0.016545863774189873,OnTrack,-7672.0,-6058.0,503.0
2025-05-25 14:42:30.997,0 days 02:35:30.611000,,,0 days 00:00:00.919000,10768.8092936,276.0,7,38.734356,False,0,pos,69.92237749330442,0.021205744120216388,OnTrack,-7662.0,-5905.0,503.0
2025-05-25 14:42:31.114,0 days 02:35:30.728000,,,0 days 00:00:01.036000,10620.0,276.0,7,4.0,False,0,car,78.86000000000001,0.023916306070691,OnTrack,-7654.733632477996,-5815.186599383645,502.57668173036524
2025-05-25 14:42:31.217,0 days 02:35:30.831000,,,0 days 00:00:01.139000,10742.57007616,272.65249792,7,2.96999936,False,0,pos,86.67703166845503,0.026287020272403584,OnTrack,-7647.0,-5737.0,503.0
2025-05-25 14:42:31.397,0 days 02:35:31.011000,,,0 days 00:00:01.319000,10956.77007616,266.80249792,7,1.1699993599999998,False,0,pos,100.07356247908147,0.03034985987616195,OnTrack,-7630.0,-5605.0,507.0
2025-05-25 14:42:31.514,0 days 02:35:31.128000,,,0 days 00:00:01.436000,11096.0,263.0,7,0.0,True,0,car,108.08222222222223,0.03277869017838076,OnTrack,-7617.238902960374,-5523.07628797383,509.5793056320759
2025-05-25 14:42:31.737,0 days 02:35:31.351000,,,0 days 00:00:01.659000,10577.5248512,221.187488,7,0.0,True,0,pos,121.64684760057601,0.03689250874651381,OnTrack,-7591.0,-5379.0,515.0
2025-05-25 14:42:31.754,0 days 02:35:31.368000,,,0 days 00:00:01.676000,10538.0,218.0,6,0.0,True,0,car,122.61555555555556,0.03718629413764244,OnTrack,-7589.016350974378,-5368.927500293465,515.5703958531034
2025-05-25 14:42:31.797,0 days 02:35:31.411000,,,0 days 00:00:01.719000,10571.75505024,213.05499264,6,0.0,True,0,pos,125.03201209132018,0.03791914620606584,OnTrack,-7584.0,-5344.0,517.0
2025-05-25 14:42:31.954,0 days 02:35:31.568000,,,0 days 00:00:01.876000,10695.0,195.0,6,0.0,True,0,car,133.4488888888889,0.04047177874030309,OnTrack,-7565.337384965833,-5258.774170402856,519.4117247756662
2025-05-25 14:42:32.117,0 days 02:35:31.731000,,,0 days 00:00:02.039000,10580.656780745761,180.40299328669298,6,0.0,True,0,pos,141.53568391649574,0.04292430556012541,OnTrack,-7546.0,-5178.0,520.0
2025-05-25 14:42:32.155,0 days 02:35:31.769000,,,0 days 00:00:02.077000,10554.0,177.0,6,0.0,True,0,car,143.33138888888888,0.043468898886684065,OnTrack,-7541.593751937759,-5160.015607148178,520.2948109459626
2025-05-25 14:42:32.317,0 days 02:35:31.931000,,,0 days 00:00:02.239000,10501.3500416,163.23001088,6,0.0,True,0,pos,150.61043201718084,0.04567645434392463,OnTrack,-7523.0,-5087.0,522.0
2025-05-25 14:42:32.355,0 days 02:35:31.969000,,,0 days 00:00:02.277000,10489.0,160.0,4,0.0,True,0,car,152.22027777777777,0.0461646811247646,OnTrack,-7518.578042439264,-5070.7580645504395,522.4087702496677
2025-05-25 14:42:32.497,0 days 02:35:32.111000,,,0 days 00:00:02.419000,10149.0878064,150.2375088,4,0.0,True,0,pos,157.89088060668473,0.04788443604311948,OnTrack,-7502.0,-5013.0,524.0
2025-05-25 14:42:32.675,0 days 02:35:32.289000,,,0 days 00:00:02.597000,9723.0,138.0,3,0.0,True,0,car,164.48694444444442,0.049884860613315735,OnTrack,-7482.040670944769,-4946.768753657651,526.5802787518536
2025-05-25 14:42:32.757,0 days 02:35:32.371000,,,0 days 00:00:02.679000,9354.000576,133.3875072,3,0.0,True,0,pos,167.45016484808582,0.05078353276812684,OnTrack,-7473.0,-4918.0,528.0
2025-05-25 14:42:32.835,0 days 02:35:32.449000,,,0 days 00:00:02.757000,9003.0,129.0,3,0.0,True,0,car,170.22027777777777,0.05162364015687768,OnTrack,-7464.422755008014,-4891.453845302819,529.4842792535669
2025-05-25 14:42:32.917,0 days 02:35:32.531000,,,0 days 00:00:02.839000,8926.694563555555,127.40555804444445,3,0.0,True,0,pos,173.0760662201456,0.052489730829725904,OnTrack,-7455.0,-4864.0,531.0
2025-05-25 14:42:33.157,0 days 02:35:32.771000,,,0 days 00:00:03.079000,8703.361230222223,122.73889137777778,3,0.0,True,0,pos,181.15993233236696,0.054941369381264996,OnTrack,-7423.0,-4786.0,534.0
2025-05-25 14:42:33.195,0 days 02:35:32.809000,,,0 days 00:00:03.117000,8668.0,122.0,3,0.0,True,0,car,182.42027777777776,0.05532360127864322,OnTrack,-7417.601893689517,-4774.937488060448,534.2666913299461
2025-05-25 14:42:33.318,0 days 02:35:32.932000,,,0 days 00:00:03.240000,8470.4311472,120.078124,3,0.0,True,0,pos,186.4711835782765,0.056552141767969424,OnTrack,-7399.0,-4742.0,535.0
2025-05-25 14:42:33.515,0 days 02:35:33.129000,,,0 days 00:00:03.437000,8154.0,117.0,3,0.0,False,0,car,192.82027777777776,0.05847766649719745,OnTrack,-7361.431351771089,-4697.396487650645,536.984345907127
2025-05-25 14:42:33.517,0 days 02:35:33.131000,,,0 days 00:00:03.439000,8157.7152463653865,116.95816164002943,3,0.125515079911696,False,0,pos,192.88343878885064,0.058496821684523755,OnTrack,-7361.0,-4697.0,537.0
2025-05-25 14:42:33.717,0 days 02:35:33.331000,,,0 days 00:00:03.639000,8529.263662002608,112.774057860331,3,12.677826419006998,False,0,pos,199.10183786583525,0.06038270978488981,OnTrack,-7312.0,-4663.0,538.0
2025-05-25 14:42:33.754,0 days 02:35:33.368000,,,0 days 00:00:03.676000,8598.0,112.0,3,15.0,False,0,car,200.25583333333333,0.06073268833935182,OnTrack,-7301.265882584996,-4657.795260498943,538.2215373610873
2025-05-25 14:42:33.857,0 days 02:35:33.471000,,,0 days 00:00:03.779000,8650.01503232,112.77250048,3,26.07250688,False,0,pos,203.496289275842,0.061715439241325276,OnTrack,-7270.0,-4645.0,539.0
2025-05-25 14:42:34.097,0 days 02:35:33.711000,,,0 days 00:00:04.019000,8771.21503232,114.57250048,3,51.87250688,False,0,pos,211.1876561537973,0.06404804239064246,OnTrack,-7195.0,-4623.0,542.0
2025-05-25 14:42:34.154,0 days 02:35:33.768000,,,0 days 00:00:04.076000,8800.0,115.0,3,58.0,False,0,car,213.0336111111111,0.0646078753065926,OnTrack,-7168.628778156194,-4618.02670039025,543.1517889395254
2025-05-25 14:42:34.357,0 days 02:35:33.971000,,,0 days 00:00:04.279000,9074.0500864,119.229168,3,69.8416704,False,0,pos,219.73564054900297,0.06664043664734079,OnTrack,-7062.0,-4602.0,548.0
2025-05-25 14:42:34.394,0 days 02:35:34.008000,,,0 days 00:00:04.316000,9124.0,120.0,3,72.0,False,0,car,221.0336111111111,0.06703407932086507,OnTrack,-7047.126617191503,-4600.042955927363,548.7631646404204
2025-05-25 14:42:34.714,0 days 02:35:34.328000,,,0 days 00:00:04.636000,10491.0,138.0,3,99.0,False,0,car,233.30027777777778,0.07075425880941622,OnTrack,-6974.231809927749,-4593.488859902874,553.8694857789887
2025-05-25 14:42:34.778,0 days 02:35:34.392000,,,0 days 00:00:04.700000,10441.8,140.0,3,99.0,False,0,pos,235.81080417338686,0.0715156399617867,OnTrack,-6959.0,-4592.0,555.0
2025-05-25 14:42:34.874,0 days 02:35:34.488000,,,0 days 00:00:04.796000,10368.0,143.0,3,99.0,False,0,car,239.65583333333333,0.0726817431096438,OnTrack,-6931.957109287816,-4589.096182237549,556.9309285314569
2025-05-25 14:42:34.877,0 days 02:35:34.491000,,,0 days 00:00:04.799000,10379.725250133333,143.187504,3,99.0,False,0,pos,239.77963603530304,0.07271928943620588,OnTrack,-6931.0,-4589.0,557.0
2025-05-25 14:42:35.114,0 days 02:35:34.728000,,,0 days 00:00:05.036000,11306.0,158.0,3,99.0,False,0,car,250.18916666666664,0.07587624506176922,OnTrack,-6833.369522393568,-4580.942751450724,564.3224803768655
2025-05-25 14:42:35.217,0 days 02:35:34.831000,,,0 days 00:00:05.139000,11082.6186112,162.5062528,3,99.0,False,0,pos,254.97726061759033,0.07732835665732483,OnTrack,-6786.0,-4577.0,568.0
2025-05-25 14:42:35.398,0 days 02:35:35.012000,,,0 days 00:00:05.320000,10690.0744448,170.4250112,3,99.0,False,0,pos,263.70258640518335,0.07997453421378653,OnTrack,-6703.0,-4569.0,575.0
2025-05-25 14:42:35.434,0 days 02:35:35.048000,,,0 days 00:00:05.356000,10612.0,172.0,4,99.0,False,0,car,265.47805555555556,0.08051299051126776,OnTrack,-6686.181875869623,-4567.0797802870675,576.7287272573919
2025-05-25 14:42:35.634,0 days 02:35:35.248000,,,0 days 00:00:05.556000,11352.0,181.0,4,100.0,False,0,car,275.5336111111111,0.08356259416809636,OnTrack,-6589.936350139471,-4555.24273702613,585.8017390490161
2025-05-25 14:42:35.658,0 days 02:35:35.272000,,,0 days 00:00:05.580000,11362.35,181.45,4,100.0,False,0,pos,276.7486319063143,0.08393108020943968,OnTrack,-6578.0,-4554.0,586.0
2025-05-25 14:42:35.678,0 days 02:35:35.292000,,,0 days 00:00:05.600000,11370.9751104,181.8250048,4,100.0,False,0,pos,277.76165732161314,0.08423830600058443,OnTrack,-6568.0,-4553.0,586.0
2025-05-25 14:42:35.794,0 days 02:35:35.408000,,,0 days 00:00:05.716000,11421.0,184.0,4,100.0,False,0,car,283.7113888888889,0.08604271382713045,OnTrack,-6510.959797568346,-4546.332986152411,586.791263498234
2025-05-25 14:42:36.554,0 days 02:35:36.168000,,,0 days 00:00:06.476000,11161.0,210.0,5,100.0,False,0,car,328.0447222222222,0.09948792773955713,OnTrack,-6106.412900956871,-4457.247457818485,625.6867286769923
2025-05-25 14:42:36.598,0 days 02:35:36.212000,,,0 days 00:00:06.520000,11203.24024576,211.1000064,5,99.77999872,False,0,pos,330.6675435022089,0.100283365179335,OnTrack,-6073.0,-4449.0,629.0
2025-05-25 14:42:36.754,0 days 02:35:36.368000,,,0 days 00:00:06.676000,11353.0,215.0,5,99.0,False,0,car,339.9891666666667,0.10311038512197786,OnTrack,-5943.768811830474,-4416.989447299783,641.4000482759016
2025-05-25 14:42:36.858,0 days 02:35:36.472000,,,0 days 00:00:06.780000,11496.0,218.25,5,99.0,False,0,pos,346.3227990850898,0.10503122067179092,OnTrack,-5863.0,-4397.0,649.0
2025-05-25 14:42:36.914,0 days 02:35:36.528000,,,0 days 00:00:06.836000,11573.0,220.0,5,99.0,False,0,car,349.76694444444445,0.10607574558386644,OnTrack,-5824.911534766529,-4387.606273704771,652.5683078877661
2025-05-25 14:42:37.194,0 days 02:35:36.808000,,,0 days 00:00:07.116000,10733.0,225.0,5,99.0,False,0,car,367.2669444444444,0.11138306686508748,OnTrack,-5678.0258194736425,-4351.351153755889,666.1088586693727
2025-05-25 14:42:37.237,0 days 02:35:36.851000,,,0 days 00:00:07.159000,10727.932135314286,225.92142994285715,5,99.0,False,0,pos,369.99302862203,0.11220982141195035,OnTrack,-5657.0,-4346.0,668.0
2025-05-25 14:42:37.474,0 days 02:35:37.088000,,,0 days 00:00:07.396000,10700.0,231.0,6,99.0,False,0,car,385.2336111111111,0.11683191671380777,OnTrack,-5539.264018109298,-4315.098613946566,678.468999436643
2025-05-25 14:42:37.577,0 days 02:35:37.191000,,,0 days 00:00:07.499000,10768.666709333333,234.00416853333334,6,99.42916693333333,False,0,pos,392.00855342243153,0.11888659074283153,OnTrack,-5482.0,-4300.0,684.0
2025-05-25 14:42:37.714,0 days 02:35:37.328000,,,0 days 00:00:07.636000,10860.0,238.0,6,100.0,False,0,car,401.10027777777776,0.12164388800878154,OnTrack,-5397.29610916836,-4277.916104194382,692.7783326457553
2025-05-25 14:42:37.797,0 days 02:35:37.411000,,,0 days 00:00:07.719000,10918.35942,238.5187504,6,100.0,False,0,pos,406.6048873531082,0.1233133012398652,OnTrack,-5344.0,-4265.0,698.0
2025-05-25 14:42:37.958,0 days 02:35:37.572000,,,0 days 00:00:07.880000,11031.56268,239.5250016,6,100.0,False,0,pos,417.3086489156653,0.12655948989872662,OnTrack,-5240.0,-4243.0,707.0
2025-05-25 14:42:38.034,0 days 02:35:37.648000,,,0 days 00:00:07.956000,11085.0,240.0,6,100.0,False,0,car,422.43361111111113,0.12811376538017483,OnTrack,-5189.699737832227,-4233.456925492229,711.483084757007
2025-05-25 14:42:38.157,0 days 02:35:37.771000,,,0 days 00:00:08.079000,11173.296474514285,243.51428754285715,6,99.56071405714286,False,0,pos,430.84535529038817,0.13066484131702422,OnTrack,-5107.0,-4220.0,719.0
2025-05-25 14:42:38.314,0 days 02:35:37.928000,,,0 days 00:00:08.236000,11286.0,248.0,6,99.0,False,0,car,441.7225,0.1339636128368096,OnTrack,-5000.626767447452,-4208.639634596462,728.3409193679203
2025-05-25 14:42:38.357,0 days 02:35:37.971000,,,0 days 00:00:08.279000,11326.696489142858,248.46071497142856,6,99.15357165714286,False,0,pos,444.7121524315228,0.1348703011781396,OnTrack,-4971.0,-4206.0,731.0
2025-05-25 14:42:38.557,0 days 02:35:38.171000,,,0 days 00:00:08.479000,11515.982203428572,250.60357211428573,6,99.86785737142857,False,0,pos,458.6622702640182,0.13910103016373643,OnTrack,-4832.0,-4194.0,744.0
2025-05-25 14:42:38.594,0 days 02:35:38.208000,,,0 days 00:00:08.516000,11551.0,251.0,6,100.0,False,0,car,461.2447222222222,0.13988422457719396,OnTrack,-4807.397131660403,-4191.639120678772,746.3166976260609
2025-05-25 14:42:38.795,0 days 02:35:38.409000,,,0 days 00:00:08.717000,11550.0,252.0,6,100.0,False,0,car,475.31472222222226,0.1441513108872957,OnTrack,-4679.967379661376,-4175.981742857723,758.2910323922096
2025-05-25 14:42:38.917,0 days 02:35:38.531000,,,0 days 00:00:08.839000,11377.166848,254.541664,6,100.0,False,0,pos,483.99628217288193,0.14678421533760044,OnTrack,-4590.0,-4152.0,767.0
2025-05-25 14:42:39.035,0 days 02:35:38.649000,,,0 days 00:00:08.957000,11210.0,257.0,6,100.0,False,0,car,492.4480555555556,0.14934743115119595,OnTrack,-4487.473908280179,-4113.978524838412,777.1625382449304
2025-05-25 14:42:39.137,0 days 02:35:38.751000,,,0 days 00:00:09.059000,10822.825485866666,257.4249994666667,6,100.0,False,0,pos,499.74667731691125,0.15156092432820314,OnTrack,-4405.0,-4079.0,785.0
2025-05-25 14:42:39.275,0 days 02:35:38.889000,,,0 days 00:00:09.197000,10299.0,258.0,7,100.0,False,0,car,509.64805555555546,0.15456376978188174,OnTrack,-4326.353745455069,-4041.025652905312,791.1971696488438
2025-05-25 14:42:39.417,0 days 02:35:39.031000,,,0 days 00:00:09.339000,10368.2249376,259.41999872,7,100.0,False,0,pos,519.9258366998364,0.15768076901564032,OnTrack,-4259.0,-4005.0,796.0
2025-05-25 14:42:39.675,0 days 02:35:39.289000,,,0 days 00:00:09.597000,10494.0,262.0,7,100.0,False,0,car,538.7591666666666,0.16339245661159552,OnTrack,-4099.964365826124,-3925.730167745753,810.3553661082098
2025-05-25 14:42:39.757,0 days 02:35:39.371000,,,0 days 00:00:09.679000,10491.657146514286,262.5857133714286,7,99.70714331428572,False,0,pos,544.758142083964,0.1652117988914666,OnTrack,-4034.0,-3897.0,816.0
2025-05-25 14:42:39.938,0 days 02:35:39.552000,,,0 days 00:00:09.860000,10486.485719771428,263.87857005714284,7,99.06071497142857,False,0,pos,558.0395500268788,0.16923972454975292,OnTrack,-3871.0,-3833.0,829.0
2025-05-25 14:42:39.955,0 days 02:35:39.569000,,,0 days 00:00:09.877000,10486.0,264.0,7,99.0,False,0,car,559.2925,0.16961971358156155,OnTrack,-3857.9428349451377,-3828.2453689070812,830.0393883833718
2025-05-25 14:42:40.257,0 days 02:35:39.871000,,,0 days 00:00:10.179000,10653.0436792,266.8312488,7,99.0,False,0,pos,581.6877352191703,0.1764116397802275,OnTrack,-3687.0,-3779.0,843.0
2025-05-25 14:42:40.275,0 days 02:35:39.889000,,,0 days 00:00:10.197000,10663.0,267.0,7,99.0,False,0,car,583.0258333333333,0.17681745215723657,OnTrack,-3675.5239699013005,-3776.396195414888,843.6926462967567
2025-05-25 14:42:40.435,0 days 02:35:40.049000,,,0 days 00:00:10.357000,10573.0,268.0,7,99.0,False,0,car,594.9369444444444,0.1804298003562645,OnTrack,-3558.4203844241338,-3752.428220366494,849.8853559471609
2025-05-25 14:42:40.438,0 days 02:35:40.052000,,,0 days 00:00:10.360000,10573.0,268.01886834982844,7,97.90563570995003,False,0,pos,595.161104321727,0.18049778255552718,OnTrack,-3556.0,-3752.0,850.0
2025-05-25 14:42:40.594,0 days 02:35:40.208000,,,0 days 00:00:10.516000,10573.0,269.0,7,41.0,False,0,car,606.8177777777778,0.18403296604704397,OnTrack,-3420.028496660713,-3731.500376013307,855.8216521308024
2025-05-25 14:42:40.698,0 days 02:35:40.312000,,,0 days 00:00:10.620000,10830.4,265.65714285714284,7,27.628571428571426,False,0,pos,614.4520317386149,0.1863482482477638,OnTrack,-3332.0,-3720.0,859.0
2025-05-25 14:42:40.857,0 days 02:35:40.471000,,,0 days 00:00:10.779000,11223.9251584,260.5464265142857,7,7.185706057142852,False,0,pos,625.8439843887752,0.18980314840404142,OnTrack,-3216.0,-3706.0,862.0
2025-05-25 14:42:40.874,0 days 02:35:40.488000,,,0 days 00:00:10.796000,11266.0,260.0,7,5.0,True,0,car,627.04,0.19016587063867718,OnTrack,-3204.5493414312486,-3704.7462185293293,862.1480505040495
2025-05-25 14:42:41.034,0 days 02:35:40.648000,,,0 days 00:00:10.956000,11169.0,248.0,7,5.0,True,0,car,638.0622222222222,0.19350864061389705,OnTrack,-3095.9823002716003,-3692.2339203354163,862.096331943091
2025-05-25 14:42:41.058,0 days 02:35:40.672000,,,0 days 00:00:10.980000,11252.5,246.6,7,4.9,True,0,pos,639.6694506470718,0.19399607362092497,OnTrack,-3076.0,-3689.0,862.0
2025-05-25 14:42:41.274,0 days 02:35:40.888000,,,0 days 00:00:11.196000,12004.0,234.0,6,4.0,True,0,car,653.6622222222222,0.1982397384417284,OnTrack,-2859.026577797429,-3643.7667879465853,861.0318913596984
2025-05-25 14:42:41.298,0 days 02:35:40.912000,,,0 days 00:00:11.220000,11941.257142857143,233.14285714285714,6,3.657142857142857,True,0,pos,655.189047635518,0.19870278718508239,OnTrack,-2839.0,-3639.0,861.0
2025-05-25 14:42:41.554,0 days 02:35:41.168000,,,0 days 00:00:11.476000,11272.0,224.0,5,0.0,True,0,car,671.0844444444446,0.2035234716283663,OnTrack,-2726.871274412281,-3604.017219443202,862.1274835603041
2025-05-25 14:42:41.754,0 days 02:35:41.368000,,,0 days 00:00:11.676000,11544.0,209.0,5,0.0,True,0,car,682.6955555555556,0.20704483717685898,OnTrack,-2665.759698457256,-3568.9801768069583,862.9968888470448
2025-05-25 14:42:41.758,0 days 02:35:41.372000,,,0 days 00:00:11.680000,11551.12045568,208.8999936,5,0.0,True,0,pos,682.9249713583679,0.20711441336957404,OnTrack,-2664.0,-3568.0,863.0
2025-05-25 14:42:41.878,0 days 02:35:41.492000,,,0 days 00:00:11.800000,11764.72045568,205.8999936,5,0.0,True,0,pos,689.7853811424211,0.20919500758927706,OnTrack,-2605.0,-3535.0,863.0
2025-05-25 14:42:41.954,0 days 02:35:41.568000,,,0 days 00:00:11.876000,11900.0,204.0,5,0.0,True,0,car,694.0288888888889,0.21048195953041163,OnTrack,-2570.39243558112,-3514.2493794027114,863.3246817789384
2025-05-25 14:42:42.158,0 days 02:35:41.772000,,,0 days 00:00:12.080000,11476.6994688,193.7999872,5,0.0,True,0,pos,704.833218302809,0.21375864795485855,OnTrack,-2483.0,-3445.0,865.0
2025-05-25 14:42:42.274,0 days 02:35:41.888000,,,0 days 00:00:12.196000,11236.0,188.0,4,0.0,True,0,car,710.74,0.21555003013800303,OnTrack,-2421.3685179678637,-3376.833759425599,865.5221247181523
2025-05-25 14:42:42.418,0 days 02:35:42.032000,,,0 days 00:00:12.340000,10864.6,182.6,4,0.0,True,0,pos,717.9342410063828,0.21773186718916926,OnTrack,-2353.0,-3292.0,866.0
2025-05-25 14:42:42.514,0 days 02:35:42.128000,,,0 days 00:00:12.436000,10617.0,179.0,4,0.0,False,0,car,722.6733333333334,0.21916911779262618,OnTrack,-2328.5908501505546,-3258.224052354533,866.4842898560723
2025-05-25 14:42:42.714,0 days 02:35:42.328000,,,0 days 00:00:12.636000,10381.0,176.0,4,0.0,False,0,car,732.4511111111111,0.22213447825451474,OnTrack,-2313.677889309034,-3219.9424330758393,867.7493575924859
2025-05-25 14:42:42.758,0 days 02:35:42.372000,,,0 days 00:00:12.680000,10332.44257462857,175.3714249142857,4,0.0,False,0,pos,734.5838776966716,0.22278129411093886,OnTrack,-2309.0,-3206.0,868.0
2025-05-25 14:42:42.958,0 days 02:35:42.572000,,,0 days 00:00:12.880000,10111.728288914286,172.51428205714285,4,0.0,False,0,pos,744.1495037256332,0.22568231414475087,OnTrack,-2280.0,-3115.0,869.0
2025-05-25 14:42:42.994,0 days 02:35:42.608000,,,0 days 00:00:12.916000,10072.0,172.0,4,0.0,False,0,car,745.828888888889,0.22619163052282598,OnTrack,-2275.974153173547,-3097.1805936787205,869.1793029396683
2025-05-25 14:42:43.158,0 days 02:35:42.772000,,,0 days 00:00:13.080000,9966.4248352,166.874992,4,5.125007999999999,False,0,pos,753.2899533945813,0.22845438860463307,OnTrack,-2265.0,-3022.0,870.0
2025-05-25 14:42:43.314,0 days 02:35:42.928000,,,0 days 00:00:13.236000,9866.0,162.0,4,10.0,False,0,car,760.228888888889,0.23055879774851645,OnTrack,-2262.879731099989,-2976.81971482153,870.742200557699
2025-05-25 14:42:43.357,0 days 02:35:42.971000,,,0 days 00:00:13.279000,9889.189320228572,161.69285668571428,4,16.142866285714284,False,0,pos,762.1357340502461,0.23113709717165157,OnTrack,-2263.0,-2963.0,871.0
2025-05-25 14:42:43.594,0 days 02:35:43.208000,,,0 days 00:00:13.516000,10017.0,160.0,4,50.0,False,0,car,772.6733333333334,0.2343328928818292,OnTrack,-2267.806660547895,-2858.85623019402,872.9634711748367
2025-05-25 14:42:43.598,0 days 02:35:43.212000,,,0 days 00:00:13.520000,10021.333610666667,160.08333866666666,4,50.3500224,False,0,pos,772.8535343590897,0.23438754343833745,OnTrack,-2268.0,-2857.0,873.0
2025-05-25 14:42:43.697,0 days 02:35:43.311000,,,0 days 00:00:13.619000,10128.583402666667,162.14583466666667,4,59.0125056,False,0,pos,777.3442119704583,0.23574945594427565,OnTrack,-2274.0,-2812.0,874.0
2025-05-25 14:42:43.834,0 days 02:35:43.448000,,,0 days 00:00:13.756000,10277.0,165.0,4,71.0,False,0,car,783.6733333333334,0.23766892340145385,OnTrack,-2284.1680965848773,-2756.5879050526955,876.4007057288214
2025-05-25 14:42:43.997,0 days 02:35:43.611000,,,0 days 00:00:13.919000,10382.54254144,168.26000128,4,67.73999872,False,0,pos,791.4077515470968,0.24001458296624067,OnTrack,-2310.0,-2679.0,880.0
2025-05-25 14:42:44.217,0 days 02:35:43.831000,,,0 days 00:00:14.139000,10524.99254144,172.66000128,4,63.33999872,False,0,pos,802.0699582597974,0.24324816905716035,OnTrack,-2379.0,-2531.0,884.0
2025-05-25 14:42:44.234,0 days 02:35:43.848000,,,0 days 00:00:14.156000,10536.0,173.0,4,63.0,False,0,car,802.8955555555557,0.24349855249130303,OnTrack,-2383.3807626244625,-2522.2710609149003,884.2277303849212
2025-05-25 14:42:44.514,0 days 02:35:44.128000,,,0 days 00:00:14.436000,10680.0,175.0,4,42.0,False,0,car,816.5066666666668,0.24762646904336386,OnTrack,-2427.818237600486,-2448.8618645175757,886.0463011096534
2025-05-25 14:42:44.577,0 days 02:35:44.191000,,,0 days 00:00:14.499000,10631.48995072,174.68499968,4,31.604989439999997,False,0,pos,819.5640676092219,0.24855370384837233,OnTrack,-2441.0,-2431.0,886.0
2025-05-25 14:42:44.714,0 days 02:35:44.328000,,,0 days 00:00:14.636000,10526.0,174.0,4,9.0,False,0,car,826.1733333333334,0.2505581322272764,OnTrack,-2479.919151562905,-2378.626703336181,885.3755930227595
2025-05-25 14:42:44.797,0 days 02:35:44.411000,,,0 days 00:00:14.719000,10393.8915648,172.270832,4,6.5791648,False,0,pos,830.1200690189257,0.2517550804727335,OnTrack,-2506.0,-2345.0,885.0
2025-05-25 14:42:44.954,0 days 02:35:44.568000,,,0 days 00:00:14.876000,10144.0,169.0,4,2.0,False,0,car,837.44,0.2539750362140435,OnTrack,-2554.192600541282,-2287.3925439548734,884.8199718348576
2025-05-25 14:42:45.017,0 days 02:35:44.631000,,,0 days 00:00:14.939000,10024.562378666667,166.89999786666667,4,2.0,False,0,pos,840.3114446271118,0.25484587502417594,OnTrack,-2573.0,-2265.0,885.0
2025-05-25 14:42:45.177,0 days 02:35:44.791000,,,0 days 00:00:15.099000,9721.229045333333,161.56666453333332,4,2.0,False,0,pos,847.4315062417916,0.2570052152831014,OnTrack,-2619.0,-2208.0,886.0
2025-05-25 14:42:45.194,0 days 02:35:44.808000,,,0 days 00:00:15.116000,9689.0,161.0,4,2.0,True,0,car,848.1733333333334,0.25723019326652574,OnTrack,-2623.674982378357,-2202.0080666814056,886.0978307373204
2025-05-25 14:42:45.477,0 days 02:35:45.091000,,,0 days 00:00:15.399000,9094.788383030002,153.06542351227006,4,2.0,True,0,pos,860.1520448513521,0.2608630430128794,OnTrack,-2693.0,-2103.0,887.0
2025-05-25 14:42:45.515,0 days 02:35:45.129000,,,0 days 00:00:15.437000,9015.0,152.0,4,2.0,True,0,car,861.7266666666667,0.261340587234039,OnTrack,-2700.553944041193,-2089.261096507382,887.0437840243485
2025-05-25 14:42:45.737,0 days 02:35:45.351000,,,0 days 00:00:15.659000,8767.3313928,147.8375024,4,2.6937496,True,0,pos,870.8048688641766,0.264093783560786,OnTrack,-2735.0,-2008.0,890.0
2025-05-25 14:42:45.797,0 days 02:35:45.411000,,,0 days 00:00:15.719000,8700.3938928,146.7125024,4,2.8812496,True,0,pos,873.2021397504705,0.2648208170917391,OnTrack,-2741.0,-1986.0,893.0
2025-05-25 14:42:45.835,0 days 02:35:45.449000,,,0 days 00:00:15.757000,8658.0,146.0,4,3.0,False,0,car,874.7044444444444,0.2652764293016366,OnTrack,-2743.39822436026,-1969.108798850925,894.4223814958177
2025-05-25 14:42:46.077,0 days 02:35:45.691000,,,0 days 00:00:15.999000,8634.664298057143,139.9500032,4,34.97855451428572,False,0,pos,884.0466125319801,0.268109680016135,OnTrack,-2738.0,-1832.0,895.0
2025-05-25 14:42:46.115,0 days 02:35:45.729000,,,0 days 00:00:16.037000,8631.0,139.0,4,40.0,False,0,car,885.5155555555556,0.2685551744487021,OnTrack,-2736.068674943799,-1816.3713845417108,894.9390705541314
2025-05-25 14:42:46.438,0 days 02:35:46.052000,,,0 days 00:00:16.360000,8837.361152,141.6916672,4,58.8416704,False,0,pos,898.2331705360275,0.27241211551340117,OnTrack,-2710.0,-1740.0,895.0
2025-05-25 14:42:46.475,0 days 02:35:46.089000,,,0 days 00:00:16.397000,8861.0,142.0,4,61.0,False,0,car,899.7155555555555,0.2728616865740357,OnTrack,-2704.9500128184336,-1728.7690678713034,894.7777976046103
2025-05-25 14:42:46.658,0 days 02:35:46.272000,,,0 days 00:00:16.580000,9513.39431552,145.65999616,4,73.80998656,False,0,pos,907.129352894514,0.2751101096821337,OnTrack,-2672.0,-1659.0,892.0
2025-05-25 14:42:46.675,0 days 02:35:46.289000,,,0 days 00:00:16.597000,9574.0,146.0,4,75.0,False,0,car,907.8266666666667,0.27532158786628425,OnTrack,-2668.1402686320184,-1651.6162467288427,891.491139263233
2025-05-25 14:42:46.877,0 days 02:35:46.491000,,,0 days 00:00:16.799000,9932.5497728,151.0499968,4,79.20833066666667,False,0,pos,916.2899802739219,0.27788830354728034,OnTrack,-2615.0,-1560.0,883.0
2025-05-25 14:42:46.915,0 days 02:35:46.529000,,,0 days 00:00:16.837000,10000.0,152.0,4,80.0,False,0,car,917.9599999999999,0.278394779617696,OnTrack,-2604.991920714408,-1544.8388403251704,881.3993346729903
2025-05-25 14:42:47.057,0 days 02:35:46.671000,,,0 days 00:00:16.979000,10206.415953363065,159.1177914952781,4,86.7619019205142,False,0,pos,924.4812712098162,0.280372521416123,OnTrack,-2569.0,-1495.0,876.0
2025-05-25 14:42:47.278,0 days 02:35:46.892000,,,0 days 00:00:17.200000,10527.669519881072,170.1955006855542,4,97.28572565127651,False,0,pos,935.2518995385054,0.28363898912703583,OnTrack,-2508.0,-1418.0,869.0
2025-05-25 14:42:47.314,0 days 02:35:46.928000,,,0 days 00:00:17.236000,10580.0,172.0,4,99.0,False,0,car,937.0233333333333,0.28417622160003947,OnTrack,-2492.6732544691927,-1400.1407565021216,867.398424375484
2025-05-25 14:42:47.518,0 days 02:35:47.132000,,,0 days 00:00:17.440000,11041.91486537143,177.82857874285713,4,99.0,False,0,pos,947.1465648711584,0.2872463497243497,OnTrack,-2390.0,-1285.0,857.0
2025-05-25 14:42:47.594,0 days 02:35:47.208000,,,0 days 00:00:17.516000,11214.0,180.0,4,99.0,False,0,car,951.0233333333332,0.2884220786250163,OnTrack,-2363.264793666625,-1256.4443518487749,854.4910481400418
2025-05-25 14:42:47.994,0 days 02:35:47.608000,,,0 days 00:00:17.916000,10894.0,195.0,4,99.0,False,0,car,972.6899999999999,0.29499304783033764,OnTrack,-2269.210781670703,-1152.1401451064378,844.7658854519211
2025-05-25 14:42:48.018,0 days 02:35:47.632000,,,0 days 00:00:17.940000,10902.625,196.05,4,99.0,False,0,pos,974.0508656032362,0.2954057650290197,OnTrack,-2256.0,-1135.0,843.0
2025-05-25 14:42:48.178,0 days 02:35:47.792000,,,0 days 00:00:18.100000,10960.125,203.05,4,99.0,False,0,pos,983.2888318419385,0.29820741387552646,OnTrack,-2154.0,-1000.0,829.0
2025-05-25 14:42:48.314,0 days 02:35:47.928000,,,0 days 00:00:18.236000,11009.0,209.0,5,99.0,False,0,car,991.2677777777777,0.30062723270792596,OnTrack,-2118.9464746025315,-951.3973129368737,824.1163664775097
2025-05-25 14:42:48.477,0 days 02:35:48.091000,,,0 days 00:00:18.399000,11324.40512384,213.0750016,5,99.81500032,False,0,pos,1000.9256252497476,0.3035562212461415,OnTrack,-2108.0,-932.0,822.0
2025-05-25 14:42:48.514,0 days 02:35:48.128000,,,0 days 00:00:18.436000,11396.0,214.0,5,100.0,False,0,car,1003.1566666666665,0.30423284145135865,OnTrack,-2101.4819097668474,-921.9462224789215,820.7918725810625
2025-05-25 14:42:48.794,0 days 02:35:48.408000,,,0 days 00:00:18.716000,11436.0,219.0,5,30.0,True,0,car,1020.1899999999999,0.3093986341650805,OnTrack,-2007.1677163512722,-783.5818563306117,805.213981916061
2025-05-25 14:42:48.858,0 days 02:35:48.472000,,,0 days 00:00:18.780000,11154.933333333332,213.13333333333333,5,22.0,True,0,pos,1023.8217815209305,0.3105000645282108,OnTrack,-1978.0,-742.0,802.0
2025-05-25 14:42:48.978,0 days 02:35:48.592000,,,0 days 00:00:18.900000,10627.933333333334,202.13333333333333,5,7.0,True,0,pos,1030.3253338439856,0.3124724326223642,OnTrack,-1921.0,-662.0,797.0
2025-05-25 14:42:49.034,0 days 02:35:48.648000,,,0 days 00:00:18.956000,10382.0,197.0,5,0.0,True,0,car,1033.3233333333333,0.31338165242184446,OnTrack,-1900.3170564025927,-633.9908576132186,794.8504558298728
2025-05-25 14:42:49.158,0 days 02:35:48.772000,,,0 days 00:00:19.080000,9720.1486336,190.7999872,5,0.0,True,0,pos,1039.8938494826054,0.31537432900399526,OnTrack,-1862.0,-585.0,790.0
2025-05-25 14:42:49.194,0 days 02:35:48.808000,,,0 days 00:00:19.116000,9528.0,189.0,5,0.0,True,0,car,1041.7233333333334,0.3159291666368306,OnTrack,-1848.713655003678,-568.3718092376005,788.4251206115134
2025-05-25 14:42:49.394,0 days 02:35:49.008000,,,0 days 00:00:19.316000,9376.0,170.0,5,0.0,True,0,car,1051.1677777777777,0.31879343526479115,OnTrack,-1763.769225848234,-463.68086620853194,778.9930459470582
2025-05-25 14:42:49.418,0 days 02:35:49.032000,,,0 days 00:00:19.340000,9448.5,169.1,5,0.0,True,0,pos,1052.2772433223035,0.3191299089845193,OnTrack,-1755.0,-453.0,778.0
2025-05-25 14:42:49.634,0 days 02:35:49.248000,,,0 days 00:00:19.556000,10101.0,161.0,5,0.0,True,0,car,1061.901111111111,0.3220485923172734,OnTrack,-1698.875337661445,-386.0815789507426,771.1303858991654
2025-05-25 14:42:49.897,0 days 02:35:49.511000,,,0 days 00:00:19.819000,10004.168158254546,133.50453876363636,5,0.0,True,0,pos,1070.8310923895788,0.324756836870423,OnTrack,-1652.0,-334.0,767.0
2025-05-25 14:42:49.998,0 days 02:35:49.612000,,,0 days 00:00:19.920000,9966.981723927272,122.94542778181818,5,0.0,True,0,pos,1073.7696737400615,0.32564803660402386,OnTrack,-1629.0,-309.0,766.0
2025-05-25 14:42:50.074,0 days 02:35:49.688000,,,0 days 00:00:19.996000,9939.0,115.0,3,0.0,True,0,car,1075.9566666666665,0.3263112979812382,OnTrack,-1611.7374935628627,-291.56598774860424,763.8972643480308
2025-05-25 14:42:50.177,0 days 02:35:49.791000,,,0 days 00:00:20.099000,9506.113619911112,110.70833066666667,3,0.0,True,0,pos,1078.8874543038378,0.3272001340725238,OnTrack,-1589.0,-270.0,760.0
2025-05-25 14:42:50.337,0 days 02:35:49.951000,,,0 days 00:00:20.259000,8833.669175466666,104.041664,3,0.0,True,0,pos,1083.3480318782122,0.3285529179746389,OnTrack,-1555.0,-240.0,755.0
2025-05-25 14:42:50.434,0 days 02:35:50.048000,,,0 days 00:00:20.356000,8426.0,100.0,2,0.0,True,0,car,1085.9566666666665,0.3293440529990788,OnTrack,-1533.7271935229608,-225.65962220050858,752.4780277457428
2025-05-25 14:42:50.994,0 days 02:35:50.608000,,,0 days 00:00:20.916000,7336.0,89.0,2,0.0,True,0,car,1099.801111111111,0.33354273383488925,OnTrack,-1402.0524078915648,-203.94382363412845,743.1273918304752
2025-05-25 14:42:51.117,0 days 02:35:50.731000,,,0 days 00:00:21.039000,7249.8999552,87.15499904,2,0.0,True,0,pos,1102.7625342684466,0.3344408609289252,OnTrack,-1375.0,-212.0,741.0
2025-05-25 14:42:51.194,0 days 02:35:50.808000,,,0 days 00:00:21.116000,7196.0,86.0,2,0.0,True,0,car,1104.5788888888887,0.33499171678785755,OnTrack,-1358.6826959193045,-219.31527903808126,739.5654043289634
2025-05-25 14:42:51.317,0 days 02:35:50.931000,,,0 days 00:00:21.239000,7012.817761828572,83.36428434285715,2,0.0,True,0,pos,1107.3806542861485,0.3358414235945927,OnTrack,-1334.0,-234.0,737.0
2025-05-25 14:42:51.474,0 days 02:35:51.088000,,,0 days 00:00:21.396000,6779.0,80.0,2,0.0,False,0,car,1110.801111111111,0.3368787643545139,OnTrack,-1305.977413873504,-256.3748612932261,733.0555952596414
2025-05-25 14:42:51.517,0 days 02:35:51.131000,,,0 days 00:00:21.439000,6762.486267617548,79.46383985771259,2,0.4289281138299305,False,0,pos,1111.7127983299279,0.33715525675327074,OnTrack,-1299.0,-263.0,732.0
2025-05-25 14:42:51.717,0 days 02:35:51.331000,,,0 days 00:00:21.639000,6685.678324343546,76.97007546569952,2,2.4239396274403777,False,0,pos,1115.8238442598752,0.33840203627053284,OnTrack,-1271.0,-295.0,728.0
2025-05-25 14:42:51.875,0 days 02:35:51.489000,,,0 days 00:00:21.797000,6625.0,75.0,2,4.0,False,0,car,1119.1552777777777,0.33941237844233496,OnTrack,-1254.861397089385,-320.75383308664,726.6466007722647
2025-05-25 14:42:51.917,0 days 02:35:51.531000,,,0 days 00:00:21.839000,6768.674562133333,76.0499968,2,10.2999808,False,0,pos,1120.0728294003682,0.33969064937108884,OnTrack,-1250.0,-332.0,726.0
2025-05-25 14:42:52.077,0 days 02:35:51.691000,,,0 days 00:00:21.999000,7316.007895466667,80.0499968,2,34.2999808,False,0,pos,1123.680080958723,0.34078464039751033,OnTrack,-1229.0,-391.0,722.0
2025-05-25 14:42:52.115,0 days 02:35:51.729000,,,0 days 00:00:22.037000,7446.0,81.0,2,40.0,False,0,car,1124.5552777777775,0.3410500661519688,OnTrack,-1225.322269812628,-402.1060918530134,721.1998322440832
2025-05-25 14:42:52.315,0 days 02:35:51.929000,,,0 days 00:00:22.237000,7995.0,85.0,2,46.0,False,0,car,1129.2774999999997,0.34248220046594907,OnTrack,-1217.4539233662367,-430.3878144129063,718.8556209983425
2025-05-25 14:42:52.457,0 days 02:35:52.071000,,,0 days 00:00:22.379000,8092.26991232,89.25999616,2,48.83999744,False,0,pos,1132.8044566529968,0.3435518400146574,OnTrack,-1213.0,-451.0,717.0
2025-05-25 14:42:52.515,0 days 02:35:52.129000,,,0 days 00:00:22.437000,8132.0,91.0,2,50.0,False,0,car,1134.3330555555553,0.3440154266138574,OnTrack,-1210.059598006136,-463.6622265490119,715.9208576237357
2025-05-25 14:42:52.658,0 days 02:35:52.272000,,,0 days 00:00:22.580000,8569.57941248,96.3624928,2,57.50748992,False,0,pos,1138.3826123847643,0.3452435579932388,OnTrack,-1201.0,-501.0,713.0
2025-05-25 14:42:52.837,0 days 02:35:52.451000,,,0 days 00:00:22.759000,9117.31960832,103.0749952,2,66.90499328,False,0,pos,1143.8085934608619,0.3468891251267631,OnTrack,-1188.0,-549.0,710.0
2025-05-25 14:42:52.915,0 days 02:35:52.529000,,,0 days 00:00:22.837000,9356.0,106.0,2,71.0,False,0,car,1146.1108333333332,0.34758733807931413,OnTrack,-1179.4326001410307,-577.3619553028643,707.7854726289515
2025-05-25 14:42:53.075,0 days 02:35:52.689000,,,0 days 00:00:22.997000,10476.0,106.0,2,74.0,False,0,car,1150.8219444444444,0.3490161026654969,OnTrack,-1157.810115648918,-645.3033095013719,701.8209177331826
2025-05-25 14:42:53.137,0 days 02:35:52.751000,,,0 days 00:00:23.059000,10537.138762666667,110.47776853333333,2,76.0666624,False,0,pos,1152.845057678832,0.3496296633468218,OnTrack,-1151.0,-666.0,700.0
2025-05-25 14:42:53.417,0 days 02:35:53.031000,,,0 days 00:00:23.339000,10813.249873777779,130.69999075555555,2,85.39999573333333,False,0,pos,1163.3216616780453,0.35280696068167605,OnTrack,-1129.0,-725.0,695.0
2025-05-25 14:42:53.435,0 days 02:35:53.049000,,,0 days 00:00:23.357000,10831.0,132.0,2,86.0,False,0,car,1164.0219444444444,0.3530193392890465,OnTrack,-1127.0195896982932,-729.7757276616668,694.5899467766034
2025-05-25 14:42:53.635,0 days 02:35:53.249000,,,0 days 00:00:23.557000,10674.0,142.0,2,88.0,False,0,car,1171.9108333333334,0.355411846025343,OnTrack,-1097.1166269584492,-800.0352703635492,688.5204418512639
2025-05-25 14:42:53.778,0 days 02:35:53.392000,,,0 days 00:00:23.700000,10426.303904,142.5107136,2,43.057203200000004,False,0,pos,1177.6956232114098,0.357166231078332,OnTrack,-1073.0,-855.0,685.0
2025-05-25 14:42:53.838,0 days 02:35:53.452000,,,0 days 00:00:23.760000,10322.374889142857,142.72500022857142,2,24.199979885714285,False,0,pos,1180.0949982854988,0.3578939027578945,OnTrack,-1063.0,-877.0,684.0
2025-05-25 14:42:53.915,0 days 02:35:53.529000,,,0 days 00:00:23.837000,10189.0,143.0,3,0.0,True,0,car,1183.0330555555556,0.35878494355074125,OnTrack,-1048.2572442017065,-905.8499807589395,681.790649199555
2025-05-25 14:42:54.078,0 days 02:35:53.692000,,,0 days 00:00:24,10218.636393110306,130.73666491987356,3,0.0,True,0,pos,1188.7292680018793,0.3605124652386687,OnTrack,-1018.0,-958.0,676.0
2025-05-25 14:42:54.234,0 days 02:35:53.848000,,,0 days 00:00:24.156000,10247.0,119.0,3,0.0,True,0,car,1193.5777777777778,0.3619828994738592,OnTrack,-1008.6700700427319,-972.2146787826734,675.1548379540745
2025-05-25 14:42:54.358,0 days 02:35:53.972000,,,0 days 00:00:24.280000,10165.15983104,110.93998336,3,0.0,True,0,pos,1197.0528662011357,0.3630368086591971,OnTrack,-1001.0,-982.0,675.0
2025-05-25 14:42:54.618,0 days 02:35:54.232000,,,0 days 00:00:24.540000,9993.56,94.03999999999999,3,0.0,True,0,pos,1203.5275507453377,0.3650004218632335,OnTrack,-957.0,-1042.0,670.0
2025-05-25 14:42:54.634,0 days 02:35:54.248000,,,0 days 00:00:24.556000,9983.0,93.0,2,0.0,True,0,car,1203.9111111111113,0.3651167463256279,OnTrack,-954.2390648757622,-1045.28369212706,669.635422080541
2025-05-25 14:42:54.794,0 days 02:35:54.408000,,,0 days 00:00:24.716000,9708.0,84.0,1,0.0,True,0,car,1207.6444444444446,0.3662489748656217,OnTrack,-928.7281626604547,-1071.501207893515,666.315291520597
2025-05-25 14:42:54.818,0 days 02:35:54.432000,,,0 days 00:00:24.740000,9602.16,83.04,1,0.0,True,0,pos,1208.1784588823452,0.3664109283622359,OnTrack,-925.0,-1075.0,666.0
2025-05-25 14:42:54.938,0 days 02:35:54.552000,,,0 days 00:00:24.860000,9072.96,78.24,1,0.0,True,0,pos,1210.7335994761756,0.36718583990795867,OnTrack,-905.0,-1092.0,665.0
2025-05-25 14:42:54.994,0 days 02:35:54.608000,,,0 days 00:00:24.916000,8826.0,76.0,1,0.0,True,0,car,1211.8666666666668,0.36752947142870995,OnTrack,-892.5869478226023,-1099.962894935108,664.2482221861603
2025-05-25 14:42:55.218,0 days 02:35:54.832000,,,0 days 00:00:25.140000,7911.333333333333,68.53333333333333,1,0.0,True,0,pos,1216.1028529819832,0.36881420295913825,OnTrack,-834.0,-1128.0,660.0
2025-05-25 14:42:55.234,0 days 02:35:54.848000,,,0 days 00:00:25.156000,7846.0,68.0,1,0.0,True,0,car,1216.4,0.368904320370131,OnTrack,-830.8688165402148,-1129.2736719313737,659.799860787606
2025-05-25 14:42:55.394,0 days 02:35:55.008000,,,0 days 00:00:25.316000,7268.0,66.0,1,0.0,True,0,car,1219.3333333333335,0.36979392850869763,OnTrack,-810.0529891124941,-1135.8072726655068,658.8662752723375
2025-05-25 14:42:55.617,0 days 02:35:55.231000,,,0 days 00:00:25.539000,6762.533188266667,60.88958186666667,1,0.0,True,0,pos,1222.9243270463878,0.37088298892892757,OnTrack,-792.0,-1132.0,658.0
2025-05-25 14:42:55.857,0 days 02:35:55.471000,,,0 days 00:00:25.779000,6218.533188266667,55.38958186666667,1,0.0,True,0,pos,1226.4169397426597,0.37194221279692674,OnTrack,-760.0,-1119.0,655.0
2025-05-25 14:42:55.874,0 days 02:35:55.488000,,,0 days 00:00:25.796000,6180.0,55.0,1,0.0,False,0,car,1226.6666666666667,0.372017948855114,OnTrack,-757.9964323436145,-1117.5759519032388,654.9953480912459
2025-05-25 14:42:56.018,0 days 02:35:55.632000,,,0 days 00:00:25.940000,5802.0,53.2,1,0.0,False,0,pos,1228.7881922912518,0.3726613556034578,OnTrack,-744.0,-1103.0,656.0
2025-05-25 14:42:56.034,0 days 02:35:55.648000,,,0 days 00:00:25.956000,5760.0,53.0,1,0.0,False,0,car,1229.0222222222224,0.37273233114820536,OnTrack,-742.791028284676,-1101.2023987475468,656.0923467067056
2025-05-25 14:42:56.178,0 days 02:35:55.792000,,,0 days 00:00:26.100000,5503.5,52.1,1,0.0,False,0,pos,1231.1041155445628,0.37336371839019905,OnTrack,-735.0,-1082.0,656.0
2025-05-25 14:42:56.194,0 days 02:35:55.808000,,,0 days 00:00:26.116000,5475.0,52.0,1,0.0,False,0,car,1231.3333333333335,0.37343323453010635,OnTrack,-734.4608572906965,-1079.1582669444642,655.8084348976611
2025-05-25 14:42:56.394,0 days 02:35:56.008000,,,0 days 00:00:26.316000,5263.0,51.0,1,0.0,False,0,car,1234.1666666666667,0.3742925151184945,OnTrack,-732.5984309712223,-1033.6696086066909,650.6072287936478
2025-05-25 14:42:56.458,0 days 02:35:56.072000,,,0 days 00:00:26.380000,5198.314285714286,50.542857142857144,1,0.22857142857142856,False,0,pos,1235.0592994888998,0.37456322878556614,OnTrack,-733.0,-1022.0,649.0
2025-05-25 14:42:56.674,0 days 02:35:56.288000,,,0 days 00:00:26.596000,4980.0,49.0,1,1.0,False,0,car,1237.9777777777779,0.3754483317530715,OnTrack,-736.2404235282235,-1004.1189288215911,645.8236996124365
2025-05-25 14:42:56.798,0 days 02:35:56.412000,,,0 days 00:00:26.720000,5200.1004544,47.4499968,1,7.5875136,False,0,pos,1239.5334862493728,0.3759201400204242,OnTrack,-739.0,-996.0,645.0
2025-05-25 14:42:56.994,0 days 02:35:56.608000,,,0 days 00:00:26.916000,5548.0,45.0,1,18.0,False,0,car,1241.9777777777779,0.3766614337602078,OnTrack,-745.5434112797305,-972.7488391797078,644.2107014316903
2025-05-25 14:42:57.017,0 days 02:35:56.631000,,,0 days 00:00:26.939000,5620.234576,45.4312512,1,18.5031264,False,0,pos,1242.2826517591047,0.37675389456987557,OnTrack,-747.0,-969.0,644.0
2025-05-25 14:42:57.277,0 days 02:35:56.891000,,,0 days 00:00:27.199000,6436.797076,50.3062512,1,24.1906264,False,0,pos,1245.9673332275156,0.3778713681911223,OnTrack,-771.0,-920.0,640.0
2025-05-25 14:42:57.314,0 days 02:35:56.928000,,,0 days 00:00:27.236000,6553.0,51.0,1,25.0,False,0,car,1246.5111111111112,0.3780362827016288,OnTrack,-773.3850730828451,-915.4552694257933,639.614847667091
2025-05-25 14:42:57.514,0 days 02:35:57.128000,,,0 days 00:00:27.436000,6878.0,54.0,1,31.0,False,0,car,1249.5111111111112,0.378946109206981,OnTrack,-780.207560766156,-903.766574281627,638.690199891193
2025-05-25 14:42:57.597,0 days 02:35:57.211000,,,0 days 00:00:27.519000,7241.12528,55.5562512,1,34.1125024,False,0,pos,1250.7971906492492,0.3793361456242441,OnTrack,-785.0,-897.0,638.0
2025-05-25 14:42:57.674,0 days 02:35:57.288000,,,0 days 00:00:27.596000,7578.0,57.0,1,37.0,False,0,car,1252.0444444444445,0.37971440714483395,OnTrack,-791.6210984855138,-887.803342467632,636.9959183182248
2025-05-25 14:42:57.797,0 days 02:35:57.411000,,,0 days 00:00:27.719000,8113.35777856,60.69000192,1,40.99750208,False,0,pos,1254.2024392114236,0.3803688740906369,OnTrack,-805.0,-870.0,635.0
2025-05-25 14:42:57.997,0 days 02:35:57.611000,,,0 days 00:00:27.919000,8983.85777856,66.69000192,1,47.497502080000004,False,0,pos,1258.1095488657775,0.38155380473158645,OnTrack,-828.0,-843.0,632.0
2025-05-25 14:42:58.074,0 days 02:35:57.688000,,,0 days 00:00:27.996000,9319.0,69.0,1,50.0,False,0,car,1259.7111111111112,0.38203951932517843,OnTrack,-836.7429593915185,-833.2417535947195,630.9660412401633
2025-05-25 14:42:58.277,0 days 02:35:57.891000,,,0 days 00:00:28.199000,10344.875323428572,77.70000274285714,1,52.17500068571429,False,0,pos,1264.1873176796614,0.3833970431183446,OnTrack,-867.0,-801.0,627.0
2025-05-25 14:42:58.354,0 days 02:35:57.968000,,,0 days 00:00:28.276000,10734.0,81.0,1,53.0,False,0,car,1266.0111111111112,0.383950154986418,OnTrack,-886.2670176249585,-781.050300474204,624.0048234719413
2025-05-25 14:42:58.515,0 days 02:35:58.129000,,,0 days 00:00:28.437000,11041.0,91.0,1,54.0,False,0,car,1270.0808333333334,0.3851844020354842,OnTrack,-930.5603195245169,-735.4542608054735,617.0630205415669
2025-05-25 14:42:58.517,0 days 02:35:58.131000,,,0 days 00:00:28.439000,11040.1167232,91.0666624,1,53.7000192,False,0,pos,1270.1336108175296,0.38520040815348666,OnTrack,-931.0,-735.0,617.0
2025-05-25 14:42:58.755,0 days 02:35:58.369000,,,0 days 00:00:28.677000,10935.0,99.0,1,18.0,False,0,car,1276.6808333333333,0.38718602034725896,OnTrack,-961.5613420910473,-702.7894153449147,614.0357688456822
2025-05-25 14:42:58.918,0 days 02:35:58.532000,,,0 days 00:00:28.840000,9848.60457344,97.77749952,1,10.664997119999999,False,0,pos,1281.1227524825601,0.38853314560612495,OnTrack,-977.0,-681.0,613.0
2025-05-25 14:42:59.155,0 days 02:35:58.769000,,,0 days 00:00:29.077000,8269.0,96.0,2,0.0,True,0,car,1287.3475,0.39042095903295565,OnTrack,-1008.7706503864711,-627.45753374107,609.0308923636865
2025-05-25 14:42:59.157,0 days 02:35:58.771000,,,0 days 00:00:29.079000,8264.68527616,95.96000256,2,0.0,True,0,pos,1287.3985116232147,0.3904364296085829,OnTrack,-1009.0,-627.0,609.0
2025-05-25 14:42:59.317,0 days 02:35:58.931000,,,0 days 00:00:29.239000,7919.48527616,92.76000256,2,0.0,True,0,pos,1291.3967746856442,0.3916490048451059,OnTrack,-1023.0,-590.0,607.0
2025-05-25 14:42:59.555,0 days 02:35:59.169000,,,0 days 00:00:29.477000,7406.0,88.0,2,0.0,True,0,car,1297.125277777778,0.39338631949484426,OnTrack,-1027.0124018829124,-519.4885900837958,605.0245250234487
2025-05-25 14:42:59.557,0 days 02:35:59.171000,,,0 days 00:00:29.479000,7403.906384,87.9750016,2,0.0,True,0,pos,1297.1728618659051,0.39340075058304796,OnTrack,-1027.0,-519.0,605.0
2025-05-25 14:42:59.857,0 days 02:35:59.471000,,,0 days 00:00:29.779000,7089.843884,84.2250016,2,0.0,True,0,pos,1304.1834808989304,0.3955268995881056,OnTrack,-1013.0,-465.0,599.0
2025-05-25 14:42:59.875,0 days 02:35:59.489000,,,0 days 00:00:29.797000,7071.0,84.0,2,0.0,False,0,car,1304.5919444444446,0.3956507765748319,OnTrack,-1010.5126836985065,-460.8499752069828,598.5192777313187
2025-05-25 14:43:00.075,0 days 02:35:59.689000,,,0 days 00:00:29.997000,6978.0,80.0,2,0.0,False,0,car,1309.036388888889,0.39699866769387215,OnTrack,-970.6652046151413,-404.6434562312459,592.6197324250461
2025-05-25 14:43:00.137,0 days 02:35:59.751000,,,0 days 00:00:30.059000,6914.708464,79.7416672,2,1.0333312000000001,False,0,pos,1310.3929664549948,0.3974100844359419,OnTrack,-959.0,-390.0,591.0
2025-05-25 14:43:00.315,0 days 02:35:59.929000,,,0 days 00:00:30.237000,6733.0,79.0,2,4.0,False,0,car,1314.3030555555556,0.3985959186699348,OnTrack,-934.104284572127,-363.7494243148554,587.4403067718176
2025-05-25 14:43:00.618,0 days 02:36:00.232000,,,0 days 00:00:30.540000,7517.9588776,82.7874976,2,34.2999808,False,0,pos,1321.290503655671,0.40071504049868745,OnTrack,-898.0,-343.0,584.0
2025-05-25 14:43:00.635,0 days 02:36:00.249000,,,0 days 00:00:30.557000,7562.0,83.0,2,36.0,False,0,car,1321.6808333333333,0.4008334179275417,OnTrack,-894.988436475914,-341.144570479826,583.8464444515402
2025-05-25 14:43:00.794,0 days 02:36:00.408000,,,0 days 00:00:30.716000,8088.0,83.0,2,40.0,False,0,car,1325.3466666666668,0.40194517537116514,OnTrack,-862.6372180253247,-321.35707979142023,581.1240950881122
2025-05-25 14:43:00.797,0 days 02:36:00.411000,,,0 days 00:00:30.719000,8094.03012864,83.09750208,2,40.12750272,False,0,pos,1325.4184588541693,0.4019669481828541,OnTrack,-862.0,-321.0,581.0
2025-05-25 14:43:00.858,0 days 02:36:00.472000,,,0 days 00:00:30.780000,8216.64,85.08,2,42.72,False,0,pos,1326.9080783685276,0.4024187132885384,OnTrack,-849.0,-314.0,578.0
2025-05-25 14:43:01.194,0 days 02:36:00.808000,,,0 days 00:00:31.116000,8892.0,96.0,2,57.0,False,0,car,1336.0133333333333,0.4051801140568617,OnTrack,-777.8696483177679,-278.4110542871133,570.0582885517548
2025-05-25 14:43:01.198,0 days 02:36:00.812000,,,0 days 00:00:31.120000,8916.284887466667,96.21668053333333,2,57.283351466666666,False,0,pos,1336.1287044877952,0.4052151033016226,OnTrack,-777.0,-278.0,570.0
2025-05-25 14:43:01.378,0 days 02:36:00.992000,,,0 days 00:00:31.300000,10009.033333333333,105.96666666666667,2,70.03333333333333,False,0,pos,1341.496987376816,0.40684317198850906,OnTrack,-730.0,-257.0,567.0
2025-05-25 14:43:01.434,0 days 02:36:01.048000,,,0 days 00:00:31.356000,10349.0,109.0,2,74.0,False,0,car,1343.28,0.40738391603649254,OnTrack,-705.807229588456,-247.03100720358898,565.4487876567865
2025-05-25 14:43:01.577,0 days 02:36:01.191000,,,0 days 00:00:31.499000,10557.882236342857,116.66071771428571,2,46.93213074285714,False,0,pos,1348.1275270088263,0.4088540522225061,OnTrack,-636.0,-219.0,561.0
2025-05-25 14:43:01.714,0 days 02:36:01.328000,,,0 days 00:00:31.636000,10758.0,124.0,2,21.0,False,0,car,1352.9244444444444,0.4103088397648099,OnTrack,-598.7323793815181,-204.12953641023148,558.8518665140546
2025-05-25 14:43:01.958,0 days 02:36:01.572000,,,0 days 00:00:31.880000,9987.656334628571,121.38571154285714,2,2.6999808000000023,False,0,pos,1361.190494488365,0.4128157302396521,OnTrack,-551.0,-192.0,557.0
2025-05-25 14:43:01.994,0 days 02:36:01.608000,,,0 days 00:00:31.916000,9874.0,121.0,2,0.0,True,0,car,1362.3355555555554,0.41316299920937766,OnTrack,-536.3951610494611,-188.98911939108768,556.3614577111108
2025-05-25 14:43:02.198,0 days 02:36:01.812000,,,0 days 00:00:32.120000,9286.649262933333,109.09998506666666,2,0.0,True,0,pos,1368.4221066951498,0.4150089010603724,OnTrack,-438.0,-170.0,552.0
2025-05-25 14:43:02.234,0 days 02:36:01.848000,,,0 days 00:00:32.156000,9183.0,107.0,2,0.0,True,0,car,1369.4688888888886,0.41532636445543725,OnTrack,-426.1465558024989,-167.99429354942933,551.5168478572643
2025-05-25 14:43:02.394,0 days 02:36:02.008000,,,0 days 00:00:32.316000,8928.0,104.0,2,0.0,True,0,car,1374.0911111111109,0.41672817121923916,OnTrack,-400.33769668719907,-165.4545585790241,550.7481085609215
2025-05-25 14:43:02.538,0 days 02:36:02.152000,,,0 days 00:00:32.460000,8571.2,102.0,2,0.0,True,0,pos,1378.1451604964004,0.41795766508082016,OnTrack,-382.0,-169.0,550.0
2025-05-25 14:43:02.754,0 days 02:36:02.368000,,,0 days 00:00:32.676000,8036.0,99.0,2,0.0,True,0,car,1383.991111111111,0.4197305986869014,OnTrack,-329.80952860300573,-181.69927032608973,546.8818472231754
2025-05-25 14:43:02.858,0 days 02:36:02.472000,,,0 days 00:00:32.780000,7923.875,96.4,2,0.0,True,0,pos,1386.6910106840533,0.420549412084652,OnTrack,-305.0,-193.0,546.0
2025-05-25 14:43:02.977,0 days 02:36:02.591000,,,0 days 00:00:32.899000,7795.578056,93.4249984,2,0.0,True,0,pos,1389.6916391961952,0.4214594292023394,OnTrack,-282.0,-211.0,546.0
2025-05-25 14:43:03.074,0 days 02:36:02.688000,,,0 days 00:00:32.996000,7691.0,91.0,2,0.0,False,0,car,1392.08,0.42218376052355466,OnTrack,-266.12143259462545,-229.32064997551902,545.8326104117954
2025-05-25 14:43:03.274,0 days 02:36:02.888000,,,0 days 00:00:33.196000,7539.0,86.0,2,0.0,False,0,car,1396.8577777777775,0.4236327434765229,OnTrack,-240.48385249649195,-272.2442486945336,545.0415101995798
2025-05-25 14:43:03.298,0 days 02:36:02.912000,,,0 days 00:00:33.220000,7508.25,85.7,2,0.75,False,0,pos,1397.4212635788294,0.4238036349155851,OnTrack,-238.0,-277.0,545.0
2025-05-25 14:43:03.434,0 days 02:36:03.048000,,,0 days 00:00:33.356000,7334.0,84.0,2,5.0,False,0,car,1400.5911111111109,0.42476497201651675,OnTrack,-225.48699363450805,-304.84748495401436,544.9925700479755
2025-05-25 14:43:03.458,0 days 02:36:03.072000,,,0 days 00:00:33.380000,7379.2,84.0,2,6.5,False,0,pos,1401.1502814176845,0.42493455467182567,OnTrack,-223.0,-312.0,545.0
2025-05-25 14:43:03.637,0 days 02:36:03.251000,,,0 days 00:00:33.559000,7716.3167872,84.0,2,17.687503999999997,False,0,pos,1405.3270815476817,0.4262012758271023,OnTrack,-202.0,-385.0,545.0
2025-05-25 14:43:03.674,0 days 02:36:03.288000,,,0 days 00:00:33.596000,7786.0,84.0,2,20.0,False,0,car,1406.1911111111108,0.42646331482650746,OnTrack,-198.7958471120172,-397.6564563901038,544.9979329180686
2025-05-25 14:43:03.914,0 days 02:36:03.528000,,,0 days 00:00:33.836000,7949.0,85.0,2,36.0,False,0,car,1411.8577777777775,0.42818187600328383,OnTrack,-191.94418453320904,-440.73698822213925,544.9972532183256
2025-05-25 14:43:04.097,0 days 02:36:03.711000,,,0 days 00:00:34.019000,8368.07014656,90.49000192,2,48.81000448,False,0,pos,1416.4667398438348,0.429579661286571,OnTrack,-191.0,-461.0,545.0
2025-05-25 14:43:04.114,0 days 02:36:03.728000,,,0 days 00:00:34.036000,8407.0,91.0,2,50.0,False,0,car,1416.9133333333332,0.42971510215119213,OnTrack,-190.77944903933536,-463.21191496044594,545.0000881161085
2025-05-25 14:43:04.277,0 days 02:36:03.891000,,,0 days 00:00:34.199000,9044.33025024,96.70500224,2,57.33500288,False,0,pos,1421.342474178204,0.43105835206339255,OnTrack,-188.0,-490.0,545.0
2025-05-25 14:43:04.314,0 days 02:36:03.928000,,,0 days 00:00:34.236000,9189.0,98.0,2,59.0,False,0,car,1422.3577777777775,0.43136626877201645,OnTrack,-187.44801057089447,-498.88870487275994,545.0000050650312
2025-05-25 14:43:04.437,0 days 02:36:04.051000,,,0 days 00:00:34.359000,9707.90652,99.1531256,2,65.1500032,False,0,pos,1425.7196250973493,0.43238583470478087,OnTrack,-186.0,-534.0,545.0
2025-05-25 14:43:04.634,0 days 02:36:04.248000,,,0 days 00:00:34.556000,10539.0,101.0,2,75.0,False,0,car,1431.3355555555554,0.4340890088324778,OnTrack,-184.99533244469464,-590.7932094288551,544.999912346231
2025-05-25 14:43:04.638,0 days 02:36:04.252000,,,0 days 00:00:34.560000,10557.501184,101.3500224,2,75.1750112,False,0,pos,1431.4573637108222,0.4341259502618877,OnTrack,-185.0,-592.0,545.0
2025-05-25 14:43:04.794,0 days 02:36:04.408000,,,0 days 00:00:34.716000,11279.0,115.0,2,82.0,False,0,car,1436.4466666666667,0.4356390836193742,OnTrack,-186.07217332665445,-641.5770978910609,545.00514039782
2025-05-25 14:43:04.857,0 days 02:36:04.471000,,,0 days 00:00:34.779000,11091.307012801051,117.87551930249084,2,86.18257353089578,False,0,pos,1438.5796194652005,0.43628595594963127,OnTrack,-187.0,-663.0,545.0
2025-05-25 14:43:05.035,0 days 02:36:04.649000,,,0 days 00:00:34.957000,10561.0,126.0,2,98.0,False,0,car,1444.8816666666667,0.4381972124769227,OnTrack,-191.1299584355383,-727.1979127696718,544.9669269921421
2025-05-25 14:43:05.097,0 days 02:36:04.711000,,,0 days 00:00:35.019000,10652.671239314286,128.21428114285715,2,98.22142811428571,False,0,pos,1447.1253869918012,0.438877677884391,OnTrack,-193.0,-749.0,545.0
2025-05-25 14:43:05.315,0 days 02:36:04.929000,,,0 days 00:00:35.237000,10975.0,136.0,3,99.0,False,0,car,1455.4594444444444,0.4414051933402386,OnTrack,-201.73998929533795,-828.0185016726364,545.094078111578
2025-05-25 14:43:05.337,0 days 02:36:04.951000,,,0 days 00:00:35.259000,10935.23523136,137.81498944,3,99.0,False,0,pos,1456.3800201691674,0.4416843814050842,OnTrack,-203.0,-839.0,545.0
2025-05-25 14:43:05.577,0 days 02:36:05.191000,,,0 days 00:00:35.499000,10501.43523136,157.61498944,3,99.0,False,0,pos,1467.424724432107,0.44503396963248365,OnTrack,-219.0,-981.0,543.0
2025-05-25 14:43:05.715,0 days 02:36:05.329000,,,0 days 00:00:35.637000,10252.0,169.0,4,99.0,False,0,car,1474.237222222222,0.44710003331818365,OnTrack,-222.82219257091526,-1016.53685279052,542.8940055564855
2025-05-25 14:43:05.797,0 days 02:36:05.411000,,,0 days 00:00:35.719000,10482.717821672728,172.35454021818182,4,99.0,False,0,pos,1478.3692363521716,0.4483531719768229,OnTrack,-225.0,-1037.0,543.0
2025-05-25 14:43:06.155,0 days 02:36:05.769000,,,0 days 00:00:36.077000,11490.0,187.0,4,99.0,False,0,car,1497.0927777777774,0.45403156339784817,OnTrack,-245.44818770664642,-1222.867810284198,542.9833202868564
2025-05-25 14:43:06.197,0 days 02:36:05.811000,,,0 days 00:00:36.119000,11269.500672,189.0999936,4,99.0,False,0,pos,1499.3526168443384,0.45471691722471075,OnTrack,-248.0,-1246.0,543.0
2025-05-25 14:43:06.315,0 days 02:36:05.929000,,,0 days 00:00:36.237000,10650.0,195.0,4,99.0,False,0,car,1505.7594444444444,0.4566599510799768,OnTrack,-254.77504874907748,-1307.473676826796,543.1067642547068
2025-05-25 14:43:06.475,0 days 02:36:06.089000,,,0 days 00:00:36.397000,10483.0,198.0,5,99.0,False,0,car,1514.5594444444441,0.4593287754956764,OnTrack,-263.35496226689486,-1386.1230431984818,543.2161420251969
2025-05-25 14:43:06.558,0 days 02:36:06.172000,,,0 days 00:00:36.480000,10690.50016,200.90500224,5,99.0,False,0,pos,1519.2238674740538,0.4607433807305144,OnTrack,-268.0,-1430.0,543.0
2025-05-25 14:43:06.675,0 days 02:36:06.289000,,,0 days 00:00:36.597000,10983.0,205.0,5,99.0,False,0,car,1525.9483333333333,0.4627827464882172,OnTrack,-274.8569548811709,-1496.248478179542,542.3468908434844
2025-05-25 14:43:06.757,0 days 02:36:06.371000,,,0 days 00:00:36.679000,11097.458154666667,208.41666133333334,5,99.0,False,0,pos,1530.783830043351,0.46424923417932307,OnTrack,-280.0,-1544.0,542.0
2025-05-25 14:43:06.898,0 days 02:36:06.512000,,,0 days 00:00:36.820000,11294.270565333334,214.29165866666668,5,99.0,False,0,pos,1539.2580521850919,0.4668192581515891,OnTrack,-290.0,-1626.0,542.0
2025-05-25 14:43:06.915,0 days 02:36:06.529000,,,0 days 00:00:36.837000,11318.0,215.0,5,99.0,False,0,car,1540.2816666666668,0.4671296953471221,OnTrack,-291.4144713576592,-1635.8411138539054,542.006405173022
2025-05-25 14:43:07.098,0 days 02:36:06.712000,,,0 days 00:00:37.020000,11450.021290057142,216.96071222857142,5,99.0,False,0,pos,1551.316098268636,0.47047616812811127,OnTrack,-311.0,-1744.0,542.0
2025-05-25 14:43:07.195,0 days 02:36:06.809000,,,0 days 00:00:37.117000,11520.0,218.0,5,99.0,False,0,car,1557.237222222222,0.4722718999662607,OnTrack,-326.1835526729556,-1807.8413506361999,542.0311312700488
2025-05-25 14:43:07.355,0 days 02:36:06.969000,,,0 days 00:00:37.277000,10446.0,224.0,5,99.0,False,0,car,1567.1927777777778,0.47529117607291094,OnTrack,-357.2275265185159,-1919.97700835778,542.0933934035905
2025-05-25 14:43:07.438,0 days 02:36:07.052000,,,0 days 00:00:37.360000,10528.479737066174,226.60188445003703,5,99.0,False,0,pos,1572.4871887521049,0.47689684121780096,OnTrack,-373.0,-1973.0,542.0
2025-05-25 14:43:07.674,0 days 02:36:07.288000,,,0 days 00:00:37.596000,10763.0,234.0,6,99.0,False,0,car,1587.9277777777775,0.4815795936024033,OnTrack,-414.85303840294944,-2100.780871297072,541.2374299932915
2025-05-25 14:43:07.777,0 days 02:36:07.391000,,,0 days 00:00:37.699000,10859.82006016,236.5750016,6,99.0,False,0,pos,1594.739124407628,0.4836453081693964,OnTrack,-435.0,-2158.0,541.0
2025-05-25 14:43:07.874,0 days 02:36:07.488000,,,0 days 00:00:37.796000,10951.0,239.0,6,99.0,False,0,car,1601.2055555555555,0.4856064183205362,OnTrack,-456.1386259027721,-2216.8421594899337,540.9410980459089
2025-05-25 14:43:08.018,0 days 02:36:07.632000,,,0 days 00:00:37.940000,11095.9,241.7,6,99.0,False,0,pos,1610.9300870468137,0.4885556304881624,OnTrack,-490.0,-2308.0,541.0
2025-05-25 14:43:08.178,0 days 02:36:07.792000,,,0 days 00:00:38.100000,11256.9,244.7,6,99.0,False,0,pos,1621.8818350472939,0.49187702735842065,OnTrack,-530.0,-2409.0,541.0
2025-05-25 14:43:08.194,0 days 02:36:07.808000,,,0 days 00:00:38.116000,11273.0,245.0,6,99.0,False,0,car,1622.9833333333333,0.4922110848038335,OnTrack,-534.5728987699991,-2420.207516695997,540.9992488460595
2025-05-25 14:43:08.354,0 days 02:36:07.968000,,,0 days 00:00:38.276000,11384.0,249.0,6,99.0,False,0,car,1634.0500000000002,0.49556733369024386,OnTrack,-587.2621906142041,-2546.610142217432,540.9962904343957
2025-05-25 14:43:08.478,0 days 02:36:08.092000,,,0 days 00:00:38.400000,11485.783543466667,250.03333546666667,6,99.0,False,0,pos,1642.6524494205285,0.4981762458548265,OnTrack,-627.0,-2639.0,541.0
2025-05-25 14:43:08.594,0 days 02:36:08.208000,,,0 days 00:00:38.516000,11581.0,251.0,6,99.0,False,0,car,1650.783333333333,0.5006421437534303,OnTrack,-658.0359183217159,-2708.3900515612113,541.0083811743175
2025-05-25 14:43:08.858,0 days 02:36:08.472000,,,0 days 00:00:38.780000,11620.6,257.6,6,99.0,False,0,pos,1669.7599195719204,0.5063972774670863,OnTrack,-726.0,-2842.0,541.0
2025-05-25 14:43:08.914,0 days 02:36:08.528000,,,0 days 00:00:38.836000,11629.0,259.0,6,99.0,False,0,car,1673.8055555555554,0.5076242197500589,OnTrack,-745.8210949584866,-2876.9801109374957,540.997220366356
2025-05-25 14:43:08.917,0 days 02:36:08.531000,,,0 days 00:00:38.839000,11612.7996544,259.01500032,6,99.0,False,0,pos,1674.0221661745222,0.5076899124442178,OnTrack,-747.0,-2879.0,541.0
2025-05-25 14:43:09.114,0 days 02:36:08.728000,,,0 days 00:00:39.036000,10549.0,260.0,6,99.0,False,0,car,1688.25,0.5120048658869398,OnTrack,-851.3481398422452,-3041.2792344556783,541.8542318162731
2025-05-25 14:43:09.158,0 days 02:36:08.772000,,,0 days 00:00:39.080000,10544.41664,260.5500032,6,99.0,False,0,pos,1691.4473536738037,0.5129745449267438,OnTrack,-878.0,-3077.0,542.0
2025-05-25 14:43:09.354,0 days 02:36:08.968000,,,0 days 00:00:39.276000,10524.0,263.0,7,99.0,False,0,car,1705.7833333333335,0.5173222963515538,OnTrack,-1001.1816947953791,-3212.5871072739264,541.9309054439842
2025-05-25 14:43:09.477,0 days 02:36:09.091000,,,0 days 00:00:39.399000,10616.689333942857,263.8785718857143,7,98.56071405714286,False,0,pos,1714.8200894630243,0.520062923101286,OnTrack,-1071.0,-3277.0,542.0
2025-05-25 14:43:09.634,0 days 02:36:09.248000,,,0 days 00:00:39.556000,10735.0,265.0,7,98.0,False,0,car,1726.3944444444442,0.5235731414161029,OnTrack,-1142.9208026388774,-3335.4008449324224,542.7745451483731
2025-05-25 14:43:09.757,0 days 02:36:09.371000,,,0 days 00:00:39.679000,10810.850039466666,266.02500053333335,7,98.0,False,0,pos,1735.4943952855754,0.5263329335736573,OnTrack,-1201.0,-3375.0,543.0
2025-05-25 14:43:09.874,0 days 02:36:09.488000,,,0 days 00:00:39.796000,10883.0,267.0,7,98.0,False,0,car,1744.1944444444443,0.5289714453478592,OnTrack,-1267.7546581702832,-3415.951442821136,542.2933656621476
2025-05-25 14:43:10.018,0 days 02:36:09.632000,,,0 days 00:00:39.940000,10878.2,268.8,7,98.0,False,0,pos,1754.982510766686,0.5322432015750167,OnTrack,-1370.0,-3472.0,541.0
2025-05-25 14:43:10.114,0 days 02:36:09.728000,,,0 days 00:00:40.036000,10875.0,270.0,7,98.0,False,0,car,1762.1944444444446,0.5344304043799724,OnTrack,-1453.907131872482,-3513.744139559148,540.4709486119386
2025-05-25 14:43:10.314,0 days 02:36:09.928000,,,0 days 00:00:40.236000,10950.0,271.0,7,98.0,False,0,car,1777.2499999999998,0.5389963855457212,OnTrack,-1629.0174577016892,-3596.068905200409,540.0042511557735
2025-05-25 14:43:10.317,0 days 02:36:09.931000,,,0 days 00:00:40.239000,10951.009112436364,271.04090996363635,7,98.0,False,0,pos,1777.4773965542818,0.539065349349825,OnTrack,-1631.0,-3597.0,540.0
2025-05-25 14:43:10.577,0 days 02:36:10.191000,,,0 days 00:00:40.499000,11038.463657890909,274.5863645090909,7,98.0,False,0,pos,1797.4125961690752,0.545111207016167,OnTrack,-1754.0,-3656.0,540.0
2025-05-25 14:43:10.754,0 days 02:36:10.368000,,,0 days 00:00:40.676000,11098.0,277.0,7,98.0,False,0,car,1811.1055555555556,0.5492639461450105,OnTrack,-1871.3411169572503,-3715.212047103071,540.6965322921793
2025-05-25 14:43:10.857,0 days 02:36:10.471000,,,0 days 00:00:40.779000,11140.4875264,278.2875008,7,98.0,False,0,pos,1819.0821374118104,0.5516830480099877,OnTrack,-1946.0,-3753.0,541.0
2025-05-25 14:43:10.914,0 days 02:36:10.528000,,,0 days 00:00:40.836000,11164.0,279.0,7,98.0,False,0,car,1823.5055555555552,0.5530245623671327,OnTrack,-1986.2597524279115,-3773.296474782909,541.0525802958875
2025-05-25 14:43:11.037,0 days 02:36:10.651000,,,0 days 00:00:40.959000,11206.2113856,279.8386368,7,98.0,False,0,pos,1833.0836006887507,0.555929348811013,OnTrack,-2071.0,-3816.0,541.0
2025-05-25 14:43:11.197,0 days 02:36:10.811000,,,0 days 00:00:41.119000,11261.120476509092,280.9295458909091,7,98.0,False,0,pos,1845.609622253204,0.5597281842863304,OnTrack,-2182.0,-3872.0,541.0
2025-05-25 14:43:11.354,0 days 02:36:10.968000,,,0 days 00:00:41.276000,11315.0,282.0,7,98.0,False,0,car,1857.9722222222224,0.5634774579952901,OnTrack,-2312.894743246468,-3935.1685197857396,541.2325693275118
2025-05-25 14:43:11.597,0 days 02:36:11.211000,,,0 days 00:00:41.519000,11402.506901713781,284.6925200527317,7,98.0,False,0,pos,1877.2436765207779,0.569322017967793,OnTrack,-2513.0,-4028.0,542.0
2025-05-25 14:43:11.715,0 days 02:36:11.329000,,,0 days 00:00:41.637000,11445.0,286.0,7,98.0,False,0,car,1886.6516666666666,0.5721752309000671,OnTrack,-2577.361194910377,-4056.6764242090317,542.4954453962498
2025-05-25 14:43:11.917,0 days 02:36:11.531000,,,0 days 00:00:41.839000,11492.133303466666,287.68333226666664,7,98.0,False,0,pos,1902.8122281011917,0.5770763332782348,OnTrack,-2674.0,-4096.0,543.0
2025-05-25 14:43:11.955,0 days 02:36:11.569000,,,0 days 00:00:41.877000,11501.0,288.0,7,98.0,False,0,car,1905.851666666667,0.5779981205343211,OnTrack,-2697.960218853583,-4105.239710343189,542.9399326763191
2025-05-25 14:43:12.157,0 days 02:36:11.771000,,,0 days 00:00:42.079000,11526.75498368,288.0,7,98.0,False,0,pos,1921.9826263185557,0.5828902454170061,OnTrack,-2854.0,-4162.0,542.0
2025-05-25 14:43:12.355,0 days 02:36:11.969000,,,0 days 00:00:42.277000,11552.0,288.0,7,98.0,False,0,car,1937.851666666667,0.587702936591411,OnTrack,-3032.8517827189817,-4217.715627395031,540.7408627632174
2025-05-25 14:43:12.417,0 days 02:36:12.031000,,,0 days 00:00:42.339000,11498.0084448,287.4833344,7,72.9417184,False,0,pos,1942.8523938890012,0.5892195346490496,OnTrack,-3083.0,-4232.0,540.0
2025-05-25 14:43:12.595,0 days 02:36:12.209000,,,0 days 00:00:42.517000,11343.0,286.0,7,1.0,True,0,car,1956.9183333333337,0.5934853894920938,OnTrack,-3199.5456879178414,-4261.4493949467815,536.563453951613
2025-05-25 14:43:12.657,0 days 02:36:12.271000,,,0 days 00:00:42.579000,11007.9423584,276.958352,7,0.7416672,True,0,pos,1961.490017957244,0.5948718694404086,OnTrack,-3239.0,-4270.0,535.0
2025-05-25 14:43:12.835,0 days 02:36:12.449000,,,0 days 00:00:42.757000,10046.0,251.0,7,0.0,True,0,car,1973.6516666666666,0.5985601995552803,OnTrack,-3362.343469356694,-4293.383713549378,529.6524226840833
2025-05-25 14:43:12.917,0 days 02:36:12.531000,,,0 days 00:00:42.839000,9907.283549866666,242.11668053333332,7,0.0,True,0,pos,1978.8299480460973,0.6001306454390062,OnTrack,-3421.0,-4303.0,527.0
2025-05-25 14:43:13.195,0 days 02:36:12.809000,,,0 days 00:00:43.117000,9437.0,212.0,7,0.0,True,0,car,1994.8516666666667,0.6049896401931024,OnTrack,-3612.057565881944,-4328.276967897192,518.1444888780894
2025-05-25 14:43:13.237,0 days 02:36:12.851000,,,0 days 00:00:43.159000,9487.81984512,207.8000128,7,0.0,True,0,pos,1997.1663718951886,0.6056916335827647,OnTrack,-3636.0,-4331.0,517.0
2025-05-25 14:43:13.395,0 days 02:36:13.009000,,,0 days 00:00:43.317000,9679.0,192.0,7,0.0,True,0,car,2005.5183333333334,0.6082245788787991,OnTrack,-3710.078390942719,-4338.561086968871,513.3515918436314
2025-05-25 14:43:13.517,0 days 02:36:13.131000,,,0 days 00:00:43.439000,9988.5746752,176.2416832,7,0.0,True,0,pos,2011.2679583412908,0.6099682992881575,OnTrack,-3759.0,-4343.0,511.0
2025-05-25 14:43:13.635,0 days 02:36:13.249000,,,0 days 00:00:43.557000,10288.0,161.0,5,0.0,True,0,car,2016.2516666666668,0.6114797359312814,OnTrack,-3805.5070750461946,-4347.141445943293,508.9470040936536
2025-05-25 14:43:14.474,0 days 02:36:14.088000,,,0 days 00:00:44.396000,8716.0,103.0,2,0.0,True,0,car,2040.256388888889,0.6187597801084127,OnTrack,-4093.2968819004373,-4393.020561831771,497.2276425819732
2025-05-25 14:43:14.538,0 days 02:36:14.152000,,,0 days 00:00:44.460000,8616.48,101.08,2,0.0,True,0,pos,2041.981587575377,0.6192829906057347,OnTrack,-4109.0,-4401.0,496.0
2025-05-25 14:43:14.674,0 days 02:36:14.288000,,,0 days 00:00:44.596000,8405.0,97.0,2,0.0,True,0,car,2045.6452777777777,0.620394098090249,OnTrack,-4138.822200708227,-4420.606911267468,493.1843870429444
2025-05-25 14:43:14.758,0 days 02:36:14.372000,,,0 days 00:00:44.680000,8107.399093028572,94.59999268571428,2,0.0,True,0,pos,2047.8027403441854,0.6210484036326566,OnTrack,-4154.0,-4434.0,492.0
2025-05-25 14:43:14.954,0 days 02:36:14.568000,,,0 days 00:00:44.876000,7413.0,89.0,2,0.0,True,0,car,2052.5675,0.6224934385081543,OnTrack,-4179.986427516886,-4470.061337328839,491.9850161182865
2025-05-25 14:43:15.018,0 days 02:36:14.632000,,,0 days 00:00:44.940000,7392.2,87.62857142857143,2,0.0,True,0,pos,2054.074464864151,0.6229504640335006,OnTrack,-4190.0,-4488.0,492.0
2025-05-25 14:43:15.217,0 days 02:36:14.831000,,,0 days 00:00:45.139000,7327.5249792,83.36428434285715,2,0.0,True,0,pos,2058.638689063978,0.624334681417958,OnTrack,-4228.0,-4559.0,491.0
2025-05-25 14:43:15.234,0 days 02:36:14.848000,,,0 days 00:00:45.156000,7322.0,83.0,2,0.0,False,0,car,2059.023055555556,0.6244512503585603,OnTrack,-4230.4980566400745,-4563.4427977594805,490.9125338948382
2025-05-25 14:43:15.434,0 days 02:36:15.048000,,,0 days 00:00:45.356000,6843.0,80.0,2,0.0,True,0,car,2063.4675,0.6257991414776005,OnTrack,-4246.848916990879,-4586.717901795776,490.18836869839265
2025-05-25 14:43:15.538,0 days 02:36:15.152000,,,0 days 00:00:45.460000,6689.925,78.375,2,0.0,True,0,pos,2065.6833601158137,0.626471157566107,OnTrack,-4255.0,-4594.0,490.0
2025-05-25 14:43:15.754,0 days 02:36:15.368000,,,0 days 00:00:45.676000,6372.0,75.0,2,0.0,False,0,car,2070.1341666666667,0.6278209781561609,OnTrack,-4283.186436312114,-4618.633439373818,489.96365367271244
2025-05-25 14:43:15.878,0 days 02:36:15.492000,,,0 days 00:00:45.800000,6300.6998528,73.96666453333333,2,0.0,False,0,pos,2072.6741374478247,0.6285912890693335,OnTrack,-4312.0,-4633.0,490.0
2025-05-25 14:43:15.994,0 days 02:36:15.608000,,,0 days 00:00:45.916000,6234.0,73.0,2,0.0,False,0,car,2075.0008333333335,0.6292969189315101,OnTrack,-4348.710440566623,-4643.9470123425535,490.00170760722625
2025-05-25 14:43:16.037,0 days 02:36:15.651000,,,0 days 00:00:45.959000,6161.32989184,72.13999872,2,0.0,False,0,pos,2075.8412534870295,0.6295517977753317,OnTrack,-4361.0,-4647.0,490.0
2025-05-25 14:43:16.194,0 days 02:36:15.808000,,,0 days 00:00:46.116000,5896.0,69.0,2,0.0,False,0,car,2078.834166666667,0.6304594750216823,OnTrack,-4390.2232413133215,-4652.517092578992,489.9974504635102
2025-05-25 14:43:16.418,0 days 02:36:16.032000,,,0 days 00:00:46.340000,6410.266666666666,68.06666666666666,2,15.866666666666667,False,0,pos,2083.061575173293,0.6317415444577756,OnTrack,-4415.0,-4651.0,490.0
2025-05-25 14:43:16.434,0 days 02:36:16.048000,,,0 days 00:00:46.356000,6447.0,68.0,2,17.0,False,0,car,2083.3675000000003,0.6318343239631034,OnTrack,-4417.509745799238,-4650.815769475215,490.00023606592725
2025-05-25 14:43:16.594,0 days 02:36:16.208000,,,0 days 00:00:46.516000,6570.0,70.0,2,31.0,False,0,car,2086.478611111111,0.6327778477464315,OnTrack,-4447.83926705276,-4648.435086787976,490.0020205099668
2025-05-25 14:43:16.658,0 days 02:36:16.272000,,,0 days 00:00:46.580000,6749.2,71.2,2,35.4,False,0,pos,2087.756649056951,0.6331654453457553,OnTrack,-4461.0,-4647.0,490.0
2025-05-25 14:43:16.754,0 days 02:36:16.368000,,,0 days 00:00:46.676000,7018.0,73.0,2,42.0,False,0,car,2089.7230555555557,0.633761808263331,OnTrack,-4480.93587510363,-4644.2161364704225,489.9933360010385
2025-05-25 14:43:16.817,0 days 02:36:16.431000,,,0 days 00:00:46.739000,7270.94525696,74.5750016,2,45.1500032,False,0,pos,2091.055485196191,0.6341659015311867,OnTrack,-4494.0,-4642.0,490.0
2025-05-25 14:43:16.954,0 days 02:36:16.568000,,,0 days 00:00:46.876000,7821.0,78.0,2,52.0,False,0,car,2094.0563888888887,0.6350760021043951,OnTrack,-4522.363487566058,-4636.144956748529,490.00375770454684
2025-05-25 14:43:16.957,0 days 02:36:16.571000,,,0 days 00:00:46.879000,7828.6501632,78.0750016,2,52.0375008,False,0,pos,2094.1233996521614,0.6350963248272516,OnTrack,-4523.0,-4636.0,490.0
2025-05-25 14:43:17.194,0 days 02:36:16.808000,,,0 days 00:00:47.116000,8433.0,84.0,2,55.0,False,0,car,2099.6563888888886,0.6367743449143858,OnTrack,-4576.241846019664,-4622.370371201373,489.04777205918566
2025-05-25 14:43:17.337,0 days 02:36:16.951000,,,0 days 00:00:47.259000,8905.410925714286,91.1500032,2,62.66071771428572,False,0,pos,2103.3776163480793,0.6379029020393245,OnTrack,-4610.0,-4614.0,489.0
2025-05-25 14:43:17.474,0 days 02:36:17.088000,,,0 days 00:00:47.396000,9358.0,98.0,2,70.0,False,0,car,2107.278611111111,0.6390859781835398,OnTrack,-4643.893849789651,-4606.91217363825,489.8030702303151
2025-05-25 14:43:17.517,0 days 02:36:17.131000,,,0 days 00:00:47.439000,9511.432046545455,100.1500032,2,70.87954676363637,False,0,pos,2108.578125462605,0.6394800890505649,OnTrack,-4657.0,-4605.0,490.0
2025-05-25 14:43:17.717,0 days 02:36:17.331000,,,0 days 00:00:47.639000,10225.068410181819,110.1500032,2,74.97045585454545,False,0,pos,2115.090441762013,0.6414551150440443,OnTrack,-4733.0,-4599.0,490.0
2025-05-25 14:43:17.914,0 days 02:36:17.528000,,,0 days 00:00:47.836000,10928.0,120.0,2,79.0,False,0,car,2121.9452777777774,0.6435340188763727,OnTrack,-4791.854061078655,-4600.429784948463,489.52311153182967
2025-05-25 14:43:18.157,0 days 02:36:17.771000,,,0 days 00:00:48.079000,11041.925162489697,129.0897736029014,2,91.1196981372019,False,0,pos,2130.7352303913003,0.6461997961658971,OnTrack,-4859.0,-4610.0,489.0
2025-05-25 14:43:18.315,0 days 02:36:17.929000,,,0 days 00:00:48.237000,11116.0,135.0,3,99.0,False,0,car,2136.9827777777773,0.6480945242344505,OnTrack,-4917.459114240297,-4618.687418447839,488.9955701377607
2025-05-25 14:43:18.337,0 days 02:36:17.951000,,,0 days 00:00:48.259000,11109.34503872,136.53999104,3,99.0,False,0,pos,2137.9010481747105,0.648373013149854,OnTrack,-4926.0,-4620.0,489.0
2025-05-25 14:43:18.558,0 days 02:36:18.172000,,,0 days 00:00:48.480000,11042.49248064,152.01000448,3,99.0,False,0,pos,2147.761501902807,0.651363447202061,OnTrack,-5015.0,-4634.0,489.0
2025-05-25 14:43:18.715,0 days 02:36:18.329000,,,0 days 00:00:48.637000,10995.0,163.0,3,99.0,False,0,car,2155.093888888888,0.6535871805445395,OnTrack,-5084.107046722141,-4643.879257265426,488.99689034796955
2025-05-25 14:43:18.717,0 days 02:36:18.331000,,,0 days 00:00:48.639000,10993.2429696,163.0642816,3,99.0,False,0,pos,2155.18774279581,0.6536156441352556,OnTrack,-5085.0,-4644.0,489.0
2025-05-25 14:43:18.995,0 days 02:36:18.609000,,,0 days 00:00:48.917000,10749.0,172.0,4,99.0,False,0,car,2168.471666666666,0.6576443328128507,OnTrack,-5212.218382216887,-4661.914680667551,489.9855194220457
2025-05-25 14:43:19.017,0 days 02:36:18.631000,,,0 days 00:00:48.939000,10805.6496704,172.97777208888888,4,99.0,False,0,pos,2169.5651499328123,0.6579759594990837,OnTrack,-5223.0,-4664.0,490.0
2025-05-25 14:43:19.037,0 days 02:36:18.651000,,,0 days 00:00:48.959000,10857.1496704,173.86666097777777,4,99.0,False,0,pos,2170.5658443369443,0.6582794455966292,OnTrack,-5233.0,-4666.0,490.0
2025-05-25 14:43:19.355,0 days 02:36:18.969000,,,0 days 00:00:49.277000,11676.0,188.0,4,99.0,False,0,car,2187.271666666666,0.6633459122463911,OnTrack,-5445.396847502899,-4692.8163562599575,490.0069686326715
2025-05-25 14:43:19.358,0 days 02:36:18.972000,,,0 days 00:00:49.280000,11670.818639466666,188.1125024,4,99.0,False,0,pos,2187.4356107843123,0.6633956324809346,OnTrack,-5447.0,-4693.0,490.0
2025-05-25 14:43:19.678,0 days 02:36:19.292000,,,0 days 00:00:49.600000,11118.1519728,200.1125024,4,99.0,False,0,pos,2205.5480554117003,0.6688886932138419,OnTrack,-5567.0,-4708.0,489.0
2025-05-25 14:43:19.835,0 days 02:36:19.449000,,,0 days 00:00:49.757000,10847.0,206.0,5,99.0,False,0,car,2214.738333333333,0.67167587936206,OnTrack,-5653.512633030142,-4718.659465248387,489.74791038346
2025-05-25 14:43:19.898,0 days 02:36:19.512000,,,0 days 00:00:49.820000,10948.249691428571,208.02499382857144,5,99.0,False,0,pos,2218.4643945126754,0.6728059024359033,OnTrack,-5691.0,-4723.0,490.0
2025-05-25 14:43:20.057,0 days 02:36:19.671000,,,0 days 00:00:49.979000,11203.78550857143,213.13571017142857,5,99.0,False,0,pos,2227.963727983384,0.6756868175608465,OnTrack,-5784.0,-4733.0,490.0
2025-05-25 14:43:20.115,0 days 02:36:19.729000,,,0 days 00:00:50.037000,11297.0,215.0,5,99.0,False,0,car,2231.460555555555,0.676747319697449,OnTrack,-5817.0287638611535,-4736.556282472907,489.77409444526734
2025-05-25 14:43:20.277,0 days 02:36:19.891000,,,0 days 00:00:50.199000,11486.674850133333,218.37499733333334,5,99.0,False,0,pos,2241.317906799294,0.6797368128421557,OnTrack,-5915.0,-4747.0,489.0
2025-05-25 14:43:20.355,0 days 02:36:19.969000,,,0 days 00:00:50.277000,11578.0,220.0,5,99.0,False,0,car,2246.127222222222,0.681195360390282,OnTrack,-5972.961827121157,-4752.815471725922,489.00540968245264
2025-05-25 14:43:20.555,0 days 02:36:20.169000,,,0 days 00:00:50.477000,11868.0,225.0,5,92.0,False,0,car,2258.6272222222215,0.6849863041625825,OnTrack,-6143.664357481126,-4769.059304412628,489.9422383005256
2025-05-25 14:43:20.657,0 days 02:36:20.271000,,,0 days 00:00:50.579000,11718.677213498511,223.081505955013,5,62.58309131019916,False,0,pos,2264.996829754404,0.6869180500830728,OnTrack,-6210.0,-4775.0,490.0
2025-05-25 14:43:20.874,0 days 02:36:20.488000,,,0 days 00:00:50.796000,11401.0,219.0,5,0.0,True,0,car,2278.033055555555,0.6908716180042872,OnTrack,-6296.726293556746,-4781.39668458362,489.0181595295271
2025-05-25 14:43:20.897,0 days 02:36:20.511000,,,0 days 00:00:50.819000,11365.541568,216.76388266666666,5,0.0,True,0,pos,2279.318586991564,0.691261488195602,OnTrack,-6307.0,-4782.0,489.0
2025-05-25 14:43:21.117,0 days 02:36:20.731000,,,0 days 00:00:51.039000,11026.374901333333,195.37499377777777,5,0.0,True,0,pos,2290.6884431082603,0.6947096870146054,OnTrack,-6430.0,-4789.0,490.0
2025-05-25 14:43:21.234,0 days 02:36:20.848000,,,0 days 00:00:51.156000,10846.0,184.0,5,0.0,True,0,car,2296.4330555555553,0.6964518872371139,OnTrack,-6492.880597959065,-4793.6776829323835,490.49978273891463
2025-05-25 14:43:21.417,0 days 02:36:21.031000,,,0 days 00:00:51.339000,10474.50987008,174.84999679999999,5,0.0,True,0,pos,2305.287520125284,0.6991372294225279,OnTrack,-6579.0,-4802.0,491.0
2025-05-25 14:43:21.434,0 days 02:36:21.048000,,,0 days 00:00:51.356000,10440.0,174.0,4,0.0,True,0,car,2306.099722222222,0.6993835504210266,OnTrack,-6586.160178777107,-4802.80646643604,491.03727250385384
2025-05-25 14:43:21.658,0 days 02:36:21.272000,,,0 days 00:00:51.580000,10128.266666666666,169.33333333333334,4,0.0,True,0,pos,2316.626098089657,0.7025759423441905,OnTrack,-6682.0,-4827.0,491.0
2025-05-25 14:43:21.674,0 days 02:36:21.288000,,,0 days 00:00:51.596000,10106.0,169.0,4,0.0,False,0,car,2317.3663888888887,0.7028004544077936,OnTrack,-6691.047265209809,-4831.530057371868,490.9049997642105
2025-05-25 14:43:21.878,0 days 02:36:21.492000,,,0 days 00:00:51.800000,10033.9624096,165.812496,4,14.6625184,False,0,pos,2326.6812501623535,0.7056254236345525,OnTrack,-6817.0,-4910.0,489.0
2025-05-25 14:43:21.994,0 days 02:36:21.608000,,,0 days 00:00:51.916000,9993.0,164.0,4,23.0,False,0,car,2331.9441666666667,0.7072215372782458,OnTrack,-6853.0158319689,-4935.094305856173,488.4843132390982
2025-05-25 14:43:22.154,0 days 02:36:21.768000,,,0 days 00:00:52.076000,10349.0,164.0,4,50.0,False,0,car,2339.233055555556,0.7094320787134719,OnTrack,-6868.058882932886,-4953.926112568097,488.3710802128558
2025-05-25 14:43:22.238,0 days 02:36:21.852000,,,0 days 00:00:52.160000,10412.2626928,165.312504,4,58.4000256,False,0,pos,2343.1024608750795,0.7106055745533564,OnTrack,-6890.0,-4983.0,488.0
2025-05-25 14:43:22.458,0 days 02:36:22.072000,,,0 days 00:00:52.380000,10577.95,168.75,4,80.4,False,0,pos,2353.478545664128,0.7137523868743092,OnTrack,-6989.0,-5112.0,486.0
2025-05-25 14:43:22.474,0 days 02:36:22.088000,,,0 days 00:00:52.396000,10590.0,169.0,4,82.0,False,0,car,2354.2552777777782,0.713987950695828,OnTrack,-6995.013343463653,-5120.163759896544,485.84818628668563
2025-05-25 14:43:22.714,0 days 02:36:22.328000,,,0 days 00:00:52.636000,11107.0,180.0,4,99.0,False,0,car,2366.2552777777782,0.7176272567172367,OnTrack,-7043.694639925924,-5196.511269165016,483.8095984759141
2025-05-25 14:43:22.914,0 days 02:36:22.528000,,,0 days 00:00:52.836000,11598.0,187.0,4,99.0,False,0,car,2376.644166666667,0.7207779522079933,OnTrack,-7071.233698968901,-5259.280371463399,483.0038420054901
2025-05-25 14:43:22.918,0 days 02:36:22.532000,,,0 days 00:00:52.840000,11592.87967232,187.12000768,4,99.0,False,0,pos,2376.856934874038,0.7208424795928474,OnTrack,-7072.0,-5261.0,483.0
2025-05-25 14:43:22.998,0 days 02:36:22.612000,,,0 days 00:00:52.920000,11490.47967232,189.52000768,4,99.0,False,0,pos,2381.158229327062,0.7221469568264096,OnTrack,-7089.0,-5300.0,483.0
2025-05-25 14:43:23.238,0 days 02:36:22.852000,,,0 days 00:00:53.160000,11183.27967232,196.72000768,4,99.0,False,0,pos,2394.492731481872,0.7261909846584501,OnTrack,-7149.0,-5475.0,483.0
2025-05-25 14:43:23.314,0 days 02:36:22.928000,,,0 days 00:00:53.236000,11086.0,199.0,4,99.0,False,0,car,2398.755277777778,0.7274837105252185,OnTrack,-7163.6580774782815,-5527.368471088575,482.9104409897263
2025-05-25 14:43:23.594,0 days 02:36:23.208000,,,0 days 00:00:53.516000,10848.0,204.0,5,99.0,False,0,car,2414.6219444444446,0.7322956818201923,OnTrack,-7193.224039105982,-5682.949338723169,482.2251759374649
2025-05-25 14:43:23.737,0 days 02:36:23.351000,,,0 days 00:00:53.659000,11061.989381485715,209.10714514285715,5,99.0,False,0,pos,2423.037743131191,0.734847987389829,OnTrack,-7202.0,-5750.0,482.0
2025-05-25 14:43:23.874,0 days 02:36:23.488000,,,0 days 00:00:53.796000,11267.0,214.0,5,99.0,False,0,car,2431.266388888889,0.7373435340609982,OnTrack,-7208.566403708585,-5808.986286735515,481.95022164578864
2025-05-25 14:43:24.057,0 days 02:36:23.671000,,,0 days 00:00:53.979000,11532.3500928,217.92142994285715,5,93.77142674285714,False,0,pos,2442.411233469015,0.7407234923933412,OnTrack,-7215.0,-5894.0,482.0
2025-05-25 14:43:24.154,0 days 02:36:23.768000,,,0 days 00:00:54.076000,11673.0,220.0,5,91.0,False,0,car,2448.3775000000005,0.7425329148693033,OnTrack,-7217.603463373861,-5950.293549434036,481.9999648325452
2025-05-25 14:43:24.317,0 days 02:36:23.931000,,,0 days 00:00:54.239000,11702.107154285713,222.32857234285714,5,88.67142765714286,False,0,pos,2458.482827728089,0.7455976132067317,OnTrack,-7220.0,-6053.0,482.0
2025-05-25 14:43:24.434,0 days 02:36:24.048000,,,0 days 00:00:54.356000,11723.0,224.0,5,87.0,False,0,car,2465.799722222223,0.7478166480559413,OnTrack,-7218.810052933684,-6123.130487756786,482.03235283013896
2025-05-25 14:43:24.477,0 days 02:36:24.091000,,,0 days 00:00:54.399000,11572.968713788183,224.53582602218506,5,87.0,False,0,pos,2468.502462439298,0.7486363229514665,OnTrack,-7216.0,-6151.0,482.0
2025-05-25 14:43:24.755,0 days 02:36:24.369000,,,0 days 00:00:54.677000,10603.0,228.0,5,87.0,False,0,car,2486.129722222223,0.7539822390072112,OnTrack,-7161.751567827453,-6349.405861114364,481.0139866797653
2025-05-25 14:43:24.758,0 days 02:36:24.372000,,,0 days 00:00:54.680000,10606.2250688,228.02500053333333,5,87.01250026666666,False,0,pos,2486.321000083083,0.7540402488964437,OnTrack,-7161.0,-6351.0,481.0
2025-05-25 14:43:24.995,0 days 02:36:24.609000,,,0 days 00:00:54.917000,10861.0,230.0,6,88.0,False,0,car,2501.4630555555564,0.7586324633679001,OnTrack,-7095.506179622109,-6430.345659541442,480.00901439477093
2025-05-25 14:43:25.038,0 days 02:36:24.652000,,,0 days 00:00:54.960000,10808.96992256,230.0,6,89.93500288,False,0,pos,2504.203182078259,0.7594634766140247,OnTrack,-7082.0,-6444.0,480.0
2025-05-25 14:43:25.195,0 days 02:36:24.809000,,,0 days 00:00:55.117000,10619.0,230.0,6,97.0,False,0,car,2514.2408333333337,0.7625076503351408,OnTrack,-7027.985294759667,-6504.947539846941,480.62200474537957
2025-05-25 14:43:25.358,0 days 02:36:24.972000,,,0 days 00:00:55.280000,10834.522306844445,233.62222364444443,6,97.90555591111111,False,0,pos,2524.927645012732,0.7657486985096819,OnTrack,-6965.0,-6627.0,481.0
2025-05-25 14:43:25.517,0 days 02:36:25.131000,,,0 days 00:00:55.439000,11044.755386311112,237.1555527111111,6,98.78888817777778,False,0,pos,2535.5138743229395,0.7689592425157363,OnTrack,-6903.0,-6818.0,480.0
2025-05-25 14:43:25.555,0 days 02:36:25.169000,,,0 days 00:00:55.477000,11095.0,238.0,6,99.0,False,0,car,2538.040833333334,0.7697256072776014,OnTrack,-6892.335185586421,-6852.73084655064,479.779997938455
2025-05-25 14:43:25.715,0 days 02:36:25.329000,,,0 days 00:00:55.637000,10956.0,240.0,6,99.0,False,0,car,2548.707500000001,0.7729605459632982,OnTrack,-6870.364179070566,-6925.636055083597,479.2114261420419
2025-05-25 14:43:25.918,0 days 02:36:25.532000,,,0 days 00:00:55.840000,10923.6468648,243.171876,6,56.496861599999995,False,0,pos,2562.6047474291904,0.7771752406508027,OnTrack,-6855.0,-6987.0,479.0
2025-05-25 14:43:26.035,0 days 02:36:25.649000,,,0 days 00:00:55.957000,10905.0,245.0,6,32.0,False,0,car,2570.4852777777787,0.7795652124465955,OnTrack,-6835.851513291723,-7063.447935461576,478.9957569473602
2025-05-25 14:43:26.077,0 days 02:36:25.691000,,,0 days 00:00:55.999000,10938.716563911112,242.43334115555555,6,28.266678044444443,False,0,pos,2573.2498653909684,0.7804036441422115,OnTrack,-6829.0,-7092.0,479.0
2025-05-25 14:43:26.395,0 days 02:36:26.009000,,,0 days 00:00:56.317000,11194.0,223.0,6,0.0,True,0,car,2592.785277777779,0.7863282561363801,OnTrack,-6791.310083718399,-7286.969048196639,479.0000368364315
2025-05-25 14:43:26.398,0 days 02:36:26.012000,,,0 days 00:00:56.320000,11195.643785066666,222.6999936,6,0.0,True,0,pos,2592.9531948519325,0.7863791812713021,OnTrack,-6791.0,-7289.0,479.0
2025-05-25 14:43:26.617,0 days 02:36:26.231000,,,0 days 00:00:56.539000,11315.637429866667,200.8000128,6,0.0,True,0,pos,2604.301461771548,0.7898208326157281,OnTrack,-6770.0,-7443.0,479.0
2025-05-25 14:43:26.875,0 days 02:36:26.489000,,,0 days 00:00:56.797000,11457.0,175.0,5,0.0,True,0,car,2616.118611111112,0.7934046845113415,OnTrack,-6756.610508618253,-7555.808834470522,479.000137991575
2025-05-25 14:43:27.077,0 days 02:36:26.691000,,,0 days 00:00:56.999000,11027.750272,163.38500736,5,0.0,True,0,pos,2624.8391614233797,0.7960494137831275,OnTrack,-6751.0,-7632.0,479.0
2025-05-25 14:43:27.117,0 days 02:36:26.731000,,,0 days 00:00:57.039000,10942.750272,161.08500736,5,0.0,True,0,pos,2626.5140786334186,0.7965573751404489,OnTrack,-6750.0,-7650.0,479.0
2025-05-25 14:43:27.275,0 days 02:36:26.889000,,,0 days 00:00:57.197000,10607.0,152.0,3,0.0,True,0,car,2633.007500000001,0.7985266707636945,OnTrack,-6746.578863764553,-7719.684257601958,479.0002459836582
2025-05-25 14:43:27.318,0 days 02:36:26.932000,,,0 days 00:00:57.240000,10564.716603733334,150.20833066666665,3,0.0,True,0,pos,2634.7408524549564,0.7990523540992398,OnTrack,-6746.0,-7738.0,479.0
2025-05-25 14:43:27.515,0 days 02:36:27.129000,,,0 days 00:00:57.437000,10371.0,142.0,3,0.0,True,0,car,2642.4741666666673,0.8013976788472502,OnTrack,-6746.058375753563,-7818.034605116163,478.9964685077405
2025-05-25 14:43:27.638,0 days 02:36:27.252000,,,0 days 00:00:57.560000,10179.789653549162,139.78378220469088,3,0.492492843402028,True,0,pos,2647.092247174388,0.8027982295305083,OnTrack,-6751.0,-7864.0,479.0
2025-05-25 14:43:27.778,0 days 02:36:27.392000,,,0 days 00:00:57.700000,9962.152372049304,137.26126380997263,3,1.0530524866727502,True,0,pos,2652.1463643828433,0.8043310194629781,OnTrack,-6763.0,-7913.0,479.0
2025-05-25 14:43:28.514,0 days 02:36:28.128000,,,0 days 00:00:58.436000,8818.0,124.0,3,4.0,False,0,car,2676.8841666666676,0.8118333888636398,OnTrack,-6892.120461144894,-8185.425771957701,478.0052418832646
2025-05-25 14:43:28.578,0 days 02:36:28.192000,,,0 days 00:00:58.500000,9042.0,123.6,3,10.399999999999999,False,0,pos,2679.071386198223,0.8124967189645842,OnTrack,-6897.0,-8203.0,478.0
2025-05-25 14:43:28.674,0 days 02:36:28.288000,,,0 days 00:00:58.596000,9378.0,123.0,3,20.0,False,0,car,2682.3508333333343,0.8134912949400593,OnTrack,-6900.7060409602545,-8226.39357779555,478.0410300944151
2025-05-25 14:43:28.914,0 days 02:36:28.528000,,,0 days 00:00:58.836000,9378.0,122.0,3,44.0,False,0,car,2690.4841666666675,0.815957935687903,OnTrack,-6892.414130409085,-8275.160005035877,478.27359467623063
2025-05-25 14:43:29.058,0 days 02:36:28.672000,,,0 days 00:00:58.980000,9806.4,126.2,3,66.2,False,0,pos,2695.580455254802,0.8175035151667058,OnTrack,-6881.0,-8321.0,478.0
2025-05-25 14:43:29.154,0 days 02:36:28.768000,,,0 days 00:00:59.076000,10092.0,129.0,3,81.0,False,0,car,2699.0841666666674,0.8185661050032459,OnTrack,-6871.502279970698,-8361.766463135717,477.574196726619
2025-05-25 14:43:29.258,0 days 02:36:28.872000,,,0 days 00:00:59.180000,10391.52,133.16,3,88.8,False,0,pos,2702.969454561946,0.8197444176392621,OnTrack,-6861.0,-8406.0,477.0
2025-05-25 14:43:29.354,0 days 02:36:28.968000,,,0 days 00:00:59.276000,10668.0,137.0,3,96.0,False,0,car,2706.6952777777788,0.8208743685446024,OnTrack,-6852.593734592077,-8437.79279015059,476.4720937029087
2025-05-25 14:43:29.498,0 days 02:36:29.112000,,,0 days 00:00:59.420000,10929.0,144.65,3,97.35,False,0,pos,2712.6295717083285,0.8226740945141241,OnTrack,-6839.0,-8481.0,476.0
2025-05-25 14:43:29.674,0 days 02:36:29.288000,,,0 days 00:00:59.596000,11248.0,154.0,3,99.0,False,0,car,2720.384166666667,0.8250258731912463,OnTrack,-6813.819998968464,-8551.772907997705,476.5937690296224
2025-05-25 14:43:29.758,0 days 02:36:29.372000,,,0 days 00:00:59.680000,11142.78967936,157.99001216,3,99.0,False,0,pos,2724.2513812307548,0.8261987046286765,OnTrack,-6801.0,-8586.0,477.0
2025-05-25 14:43:30.074,0 days 02:36:29.688000,,,0 days 00:00:59.996000,10747.0,173.0,4,99.0,False,0,car,2739.60638888889,0.8308555022810956,OnTrack,-6742.82930891063,-8715.087442106911,477.97364510693285
2025-05-25 14:43:30.097,0 days 02:36:29.711000,,,0 days 00:01:00.019000,10795.135848228572,173.90357394285715,4,99.0,False,0,pos,2740.757153245301,0.8312045009187212,OnTrack,-6735.0,-8729.0,478.0
2025-05-25 14:43:30.317,0 days 02:36:29.931000,,,0 days 00:01:00.239000,11255.564419657143,182.5464310857143,4,99.0,False,0,pos,2751.9825366031528,0.8346088846892923,OnTrack,-6645.0,-8878.0,478.0
2025-05-25 14:43:30.354,0 days 02:36:29.968000,,,0 days 00:01:00.276000,11333.0,184.0,4,99.0,False,0,car,2753.917500000001,0.8351957116844052,OnTrack,-6635.663062224589,-8892.802836588035,477.9933455689685
2025-05-25 14:43:30.577,0 days 02:36:30.191000,,,0 days 00:01:00.499000,11477.9500416,190.968752,4,99.0,False,0,pos,2765.8730525430774,0.8388215378810123,OnTrack,-6608.0,-8929.0,478.0
2025-05-25 14:43:30.674,0 days 02:36:30.288000,,,0 days 00:01:00.596000,11541.0,194.0,4,99.0,False,0,car,2771.161944444445,0.8404255292262813,OnTrack,-6582.656052584401,-8959.54516970329,478.02609815843516
2025-05-25 14:43:30.917,0 days 02:36:30.531000,,,0 days 00:01:00.839000,11658.703156,197.0375008,4,99.0,False,0,pos,2784.5209014205366,0.8444769736065172,OnTrack,-6487.0,-9069.0,478.0
2025-05-25 14:43:30.994,0 days 02:36:30.608000,,,0 days 00:01:00.916000,11696.0,198.0,4,99.0,True,0,car,2788.761944444445,0.8457631780576808,OnTrack,-6456.514432126819,-9098.537613427752,477.8889505296804
2025-05-25 14:43:31.097,0 days 02:36:30.711000,,,0 days 00:01:01.019000,11462.18985472,196.45499904,4,48.014968319999994,True,0,pos,2794.430467383176,0.847482302196299,OnTrack,-6416.0,-9133.0,478.0
2025-05-25 14:43:31.194,0 days 02:36:30.808000,,,0 days 00:01:01.116000,11242.0,195.0,4,0.0,True,0,car,2799.5952777777784,0.8490486626603415,OnTrack,-6376.886743282675,-9160.827594720391,478.7688984220699
2025-05-25 14:43:31.237,0 days 02:36:30.851000,,,0 days 00:01:01.159000,11100.510275576877,190.71783936172133,4,0.0,True,0,pos,2801.7815604136817,0.8497117086237869,OnTrack,-6356.0,-9174.0,479.0
2025-05-25 14:43:31.435,0 days 02:36:31.049000,,,0 days 00:01:01.357000,10449.0,171.0,4,0.0,True,0,car,2811.042777777778,0.8525204089670144,OnTrack,-6227.9151088046665,-9246.452072819204,478.1472385204036
2025-05-25 14:43:31.477,0 days 02:36:31.091000,,,0 days 00:01:01.399000,10492.5748672,166.8000128,4,0.0,True,0,pos,2812.8421009714325,0.8530660996114416,OnTrack,-6205.0,-9259.0,478.0
2025-05-25 14:43:31.755,0 days 02:36:31.369000,,,0 days 00:01:01.677000,10781.0,139.0,3,0.0,True,0,car,2823.3983333333335,0.8562675462779463,OnTrack,-6132.653372413314,-9297.796588636198,479.18506742712214
2025-05-25 14:43:31.858,0 days 02:36:31.472000,,,0 days 00:01:01.780000,10446.250624,131.2750144,3,0.0,True,0,pos,2826.7961687253364,0.8572980265114356,OnTrack,-6112.0,-9309.0,480.0
2025-05-25 14:43:32.118,0 days 02:36:31.732000,,,0 days 00:01:02.040000,9601.249792,111.7749952,3,0.0,True,0,pos,2834.4581141561694,0.8596217068566135,OnTrack,-6037.0,-9355.0,482.0
2025-05-25 14:43:32.155,0 days 02:36:31.769000,,,0 days 00:01:02.077000,9481.0,109.0,2,0.0,True,0,car,2835.5094444444444,0.859940549577331,OnTrack,-6025.20847088457,-9364.29774330729,482.2274236304688
2025-05-25 14:43:32.337,0 days 02:36:31.951000,,,0 days 00:01:02.259000,8446.6340608,100.6583392,2,0.0,True,0,pos,2840.553716135507,0.861470353605573,OnTrack,-5972.0,-9413.0,483.0
2025-05-25 14:43:32.395,0 days 02:36:32.009000,,,0 days 00:01:02.317000,8117.0,98.0,2,0.0,True,0,car,2842.0427777777777,0.8619219495223202,OnTrack,-5961.296816639783,-9424.234170880132,483.07692692824696
2025-05-25 14:43:32.678,0 days 02:36:32.292000,,,0 days 00:01:02.600000,7032.7560048,82.0812464,2,0.0,True,0,pos,2848.366328333284,0.8638397274900982,OnTrack,-5943.0,-9459.0,483.0
2025-05-25 14:43:32.715,0 days 02:36:32.329000,,,0 days 00:01:02.637000,6891.0,80.0,2,0.0,True,0,car,2849.153888888889,0.8640785753127846,OnTrack,-5941.121690446324,-9465.033046904475,483.11455608448495
2025-05-25 14:43:32.955,0 days 02:36:32.569000,,,0 days 00:01:02.877000,6776.0,76.0,2,0.0,False,0,car,2854.2205555555556,0.8656151711884905,OnTrack,-5929.53097889093,-9514.79636789082,484.6559830510672
2025-05-25 14:43:32.998,0 days 02:36:32.612000,,,0 days 00:01:02.920000,6680.085968355555,75.4027768888889,2,0.0,False,0,pos,2855.1022872293092,0.8658825788042872,OnTrack,-5929.0,-9524.0,485.0
2025-05-25 14:43:33.137,0 days 02:36:32.751000,,,0 days 00:01:03.059000,6370.0391744,73.472224,2,0.0,False,0,pos,2857.8841973241797,0.866726263984227,OnTrack,-5931.0,-9553.0,486.0
2025-05-25 14:43:33.298,0 days 02:36:32.912000,,,0 days 00:01:03.220000,6010.919872711111,71.23611377777777,2,0.0,False,0,pos,2860.9975296387747,0.8676704614041565,OnTrack,-5936.0,-9585.0,486.0
2025-05-25 14:43:33.315,0 days 02:36:32.929000,,,0 days 00:01:03.237000,5973.0,71.0,2,0.0,True,0,car,2861.3205555555555,0.8677684272511573,OnTrack,-5936.700270990647,-9588.24355109203,486.0242606854992
2025-05-25 14:43:33.635,0 days 02:36:33.249000,,,0 days 00:01:03.557000,5460.0,66.0,2,0.0,False,0,car,2867.1872222222223,0.8695476435282906,OnTrack,-5958.784000472742,-9645.64402118763,487.9875953816327
2025-05-25 14:43:33.637,0 days 02:36:33.251000,,,0 days 00:01:03.559000,5463.999744,65.9714304,2,0.1142784,False,0,pos,2867.222479647538,0.8695583362416448,OnTrack,-5959.0,-9646.0,488.0
2025-05-25 14:43:33.838,0 days 02:36:33.452000,,,0 days 00:01:03.760000,5866.000128,63.09999908571429,2,11.600003657142857,False,0,pos,2870.685809937361,0.8706086794731348,OnTrack,-5984.0,-9680.0,489.0
2025-05-25 14:43:33.915,0 days 02:36:33.529000,,,0 days 00:01:03.837000,6020.0,62.0,2,16.0,False,0,car,2872.0094444444444,0.8710101053924492,OnTrack,-5992.466627822539,-9689.505997587705,489.24302765525294
2025-05-25 14:43:34.118,0 days 02:36:33.732000,,,0 days 00:01:04.040000,5992.9333248,62.8458336,2,20.229168,False,0,pos,2875.554234051544,0.8720851532392613,OnTrack,-6014.0,-9707.0,490.0
2025-05-25 14:43:34.155,0 days 02:36:33.769000,,,0 days 00:01:04.077000,5988.0,63.0,2,21.0,False,0,car,2876.209444444444,0.8722838624999422,OnTrack,-6018.982423426389,-9710.032371876925,490.28533254353744
2025-05-25 14:43:34.394,0 days 02:36:34.008000,,,0 days 00:01:04.316000,6395.0,65.0,2,36.0,False,0,car,2880.524722222222,0.8735925805333353,OnTrack,-6058.292766753233,-9728.723464960105,492.9545723723579
2025-05-25 14:43:34.398,0 days 02:36:34.012000,,,0 days 00:01:04.320000,6396.48009472,65.08000512,2,36.18001152,False,0,pos,2880.5986617779995,0.8736150045892155,OnTrack,-6059.0,-9729.0,493.0
2025-05-25 14:43:34.578,0 days 02:36:34.192000,,,0 days 00:01:04.500000,6463.08,68.68,2,44.28,False,0,pos,2884.0329830729756,0.8746565501032371,OnTrack,-6092.0,-9740.0,495.0
2025-05-25 14:43:34.594,0 days 02:36:34.208000,,,0 days 00:01:04.516000,6469.0,69.0,2,45.0,False,0,car,2884.3580555555554,0.8747551366235077,OnTrack,-6095.0740139474165,-9740.853645710538,495.1863674613696
2025-05-25 14:43:34.817,0 days 02:36:34.431000,,,0 days 00:01:04.739000,7239.7439712,78.0593776,2,58.240628799999996,False,0,pos,2889.298045791994,0.8762533146412719,OnTrack,-6140.0,-9751.0,498.0
2025-05-25 14:43:34.914,0 days 02:36:34.528000,,,0 days 00:01:04.836000,7575.0,82.0,2,64.0,False,0,car,2891.646944444444,0.8769656780587336,OnTrack,-6160.088757682015,-9754.729193978696,499.31865899591685
2025-05-25 14:43:35.037,0 days 02:36:34.651000,,,0 days 00:01:04.959000,7998.1970952,87.3812528,2,68.6125024,False,0,pos,2894.778797006849,0.8779154922161106,OnTrack,-6189.0,-9759.0,501.0
2025-05-25 14:43:35.234,0 days 02:36:34.848000,,,0 days 00:01:05.156000,8676.0,96.0,2,76.0,False,0,car,2900.1802777777775,0.879553629007291,OnTrack,-6249.312126227249,-9764.89935718631,503.5004223050371
2025-05-25 14:43:35.278,0 days 02:36:34.892000,,,0 days 00:01:05.200000,8900.156859733333,97.833344,2,76.48889173333333,False,0,pos,2901.458137318747,0.8799411725007882,OnTrack,-6262.0,-9766.0,504.0
2025-05-25 14:43:35.558,0 days 02:36:35.172000,,,0 days 00:01:05.480000,10326.601304177777,109.50001066666667,2,79.60000284444445,False,0,pos,2910.1238620982667,0.8825692745316193,OnTrack,-6331.0,-9771.0,507.0
2025-05-25 14:43:35.594,0 days 02:36:35.208000,,,0 days 00:01:05.516000,10510.0,111.0,2,80.0,False,0,car,2911.2802777777774,0.882919987077094,OnTrack,-6341.22853962411,-9771.42709447314,507.5065804581309
2025-05-25 14:43:35.754,0 days 02:36:35.368000,,,0 days 00:01:05.676000,9966.0,117.0,2,11.0,True,0,car,2916.4802777777772,0.8844970196863711,OnTrack,-6393.017943291491,-9772.7595086557,510.1999587144818
2025-05-25 14:43:35.877,0 days 02:36:35.491000,,,0 days 00:01:05.799000,9731.06987776,115.15499904,2,4.2349964799999995,True,0,pos,2920.431340621429,0.8856952802528599,OnTrack,-6432.0,-9773.0,512.0
2025-05-25 14:43:35.954,0 days 02:36:35.568000,,,0 days 00:01:05.876000,9584.0,114.0,2,0.0,True,0,car,2922.8136111111107,0.8864177645310035,OnTrack,-6454.149455822834,-9772.766384166687,512.8244698008475
2025-05-25 14:43:36.058,0 days 02:36:35.672000,,,0 days 00:01:05.980000,9269.725,109.45,2,0.0,True,0,pos,2925.8681490005642,0.8873441310421458,OnTrack,-6487.0,-9771.0,514.0
2025-05-25 14:43:36.274,0 days 02:36:35.888000,,,0 days 00:01:06.196000,8617.0,100.0,2,0.0,True,0,car,2931.7024999999994,0.8891135467690839,OnTrack,-6577.721346229934,-9760.16495426562,517.9424979647006
2025-05-25 14:43:36.278,0 days 02:36:35.892000,,,0 days 00:01:06.200000,8603.965832533333,99.81665493333334,2,0.0,True,0,pos,2931.8057876321204,0.8891448713775436,OnTrack,-6579.0,-9760.0,518.0
2025-05-25 14:43:36.514,0 days 02:36:36.128000,,,0 days 00:01:06.436000,7835.0,89.0,2,0.0,True,0,car,2937.635833333333,0.8909129814130027,OnTrack,-6615.922984771305,-9754.645692490123,519.6467855546096
2025-05-25 14:43:36.597,0 days 02:36:36.211000,,,0 days 00:01:06.519000,7683.265508,87.4437488,2,0.0,True,0,pos,2939.5943149462046,0.8915069409068812,OnTrack,-6628.0,-9751.0,520.0
2025-05-25 14:43:36.817,0 days 02:36:36.431000,,,0 days 00:01:06.739000,7281.078008,83.3187488,2,0.0,True,0,pos,2944.628441478519,0.8930336681570135,OnTrack,-6677.0,-9733.0,521.0
2025-05-25 14:43:36.834,0 days 02:36:36.448000,,,0 days 00:01:06.756000,7250.0,83.0,2,0.0,False,0,car,2945.0136111111105,0.8931504806706095,OnTrack,-6680.49467370423,-9731.476289465138,521.0292274937026
2025-05-25 14:43:37.057,0 days 02:36:36.671000,,,0 days 00:01:06.979000,7137.570801066667,81.14166613333333,2,4.645834666666667,False,0,pos,2950.0329178629268,0.8946727134443749,OnTrack,-6720.0,-9705.0,520.0
2025-05-25 14:43:37.074,0 days 02:36:36.688000,,,0 days 00:01:06.996000,7129.0,81.0,2,5.0,False,0,car,2950.4136111111106,0.8947881683802436,OnTrack,-6723.203056245095,-9701.479452546035,519.7381443298503
2025-05-25 14:43:37.337,0 days 02:36:36.951000,,,0 days 00:01:07.259000,7694.4501376,81.0,2,22.259379199999998,False,0,pos,2956.30559614714,0.8965750630985496,OnTrack,-6771.0,-9632.0,514.0
2025-05-25 14:43:37.394,0 days 02:36:37.008000,,,0 days 00:01:07.316000,7817.0,81.0,2,26.0,False,0,car,2957.613611111111,0.8969717519930889,OnTrack,-6775.900660060378,-9622.950397429942,513.4375609649339
2025-05-25 14:43:37.594,0 days 02:36:37.208000,,,0 days 00:01:07.516000,8018.0,85.0,2,36.0,False,0,car,2962.335833333333,0.8984038863070691,OnTrack,-6781.860604792458,-9601.523832530598,513.0166637550361
2025-05-25 14:43:37.597,0 days 02:36:37.211000,,,0 days 00:01:07.519000,8024.28513408,85.06000128,2,36.2250048,False,0,pos,2962.408168781786,0.8984258238764955,OnTrack,-6782.0,-9601.0,513.0
2025-05-25 14:43:37.794,0 days 02:36:37.408000,,,0 days 00:01:07.716000,8437.0,89.0,2,51.0,False,0,car,2967.2802777777774,0.8999034151770013,OnTrack,-6795.4415460463115,-9553.001931471525,511.1771650008629
2025-05-25 14:43:37.818,0 days 02:36:37.432000,,,0 days 00:01:07.740000,8496.820838380094,89.95522296814522,2,53.26865454934491,False,0,pos,2967.8979140388765,0.9000907291240062,OnTrack,-6797.0,-9547.0,511.0
2025-05-25 14:43:37.995,0 days 02:36:37.609000,,,0 days 00:01:07.917000,8938.0,97.0,2,70.0,False,0,car,2972.696111111111,0.901545904748747,OnTrack,-6806.794536014917,-9503.630175998902,510.27692230780747
2025-05-25 14:43:38.037,0 days 02:36:37.651000,,,0 days 00:01:07.959000,9175.124277333332,99.79999146666667,2,73.6749888,False,0,pos,2973.928776886427,0.901919742080288,OnTrack,-6810.0,-9489.0,510.0
2025-05-25 14:43:38.235,0 days 02:36:37.849000,,,0 days 00:01:08.157000,10293.0,113.0,2,91.0,False,0,car,2980.229444444444,0.9038305801955202,OnTrack,-6831.89327838312,-9391.760147732462,507.64579911336574
2025-05-25 14:43:38.297,0 days 02:36:37.911000,,,0 days 00:01:08.219000,10508.8370544,116.2937432,2,92.5499968,False,0,pos,2982.342596563787,0.90447144746486,OnTrack,-6838.0,-9366.0,507.0
2025-05-25 14:43:38.555,0 days 02:36:38.169000,,,0 days 00:01:08.477000,11407.0,130.0,2,99.0,False,0,car,2991.785,0.9073350971050249,OnTrack,-6853.240884147142,-9316.365312468071,505.99238891761667
2025-05-25 14:43:38.658,0 days 02:36:38.272000,,,0 days 00:01:08.580000,11287.00522368,136.17998848,2,99.0,False,0,pos,2995.8108778441197,0.9085560472283218,OnTrack,-6864.0,-9293.0,506.0
2025-05-25 14:43:38.755,0 days 02:36:38.369000,,,0 days 00:01:08.677000,11174.0,142.0,3,99.0,False,0,car,2999.673888888889,0.9097276038413215,OnTrack,-6879.442021471446,-9260.02405256527,506.1000348170702
2025-05-25 14:43:38.817,0 days 02:36:38.431000,,,0 days 00:01:08.739000,11228.249888,143.291664,3,99.0,False,0,pos,3002.151238832132,0.9104789233884532,OnTrack,-6891.0,-9237.0,506.0
2025-05-25 14:43:38.995,0 days 02:36:38.609000,,,0 days 00:01:08.917000,11384.0,147.0,3,99.0,False,0,car,3009.4738888888887,0.9126997037588052,OnTrack,-6928.3723098560995,-9173.6695099307,504.3536165440407
2025-05-25 14:43:39.155,0 days 02:36:38.769000,,,0 days 00:01:09.077000,11655.0,163.0,3,99.0,False,0,car,3016.718333333333,0.9148967662828407,OnTrack,-6966.500527346457,-9115.754781076452,503.00576681205666
2025-05-25 14:43:39.157,0 days 02:36:38.771000,,,0 days 00:01:09.079000,11651.5891072,163.1055488,3,99.0,False,0,pos,3016.813008384659,0.9149254789065383,OnTrack,-6967.0,-9115.0,503.0
2025-05-25 14:43:39.258,0 days 02:36:38.872000,,,0 days 00:01:09.180000,11479.328105244444,168.43610097777778,3,99.0,False,0,pos,3021.726090312434,0.9164154962934903,OnTrack,-6993.0,-9076.0,503.0
2025-05-25 14:43:39.515,0 days 02:36:39.129000,,,0 days 00:01:09.437000,11041.0,182.0,4,99.0,False,0,car,3034.9183333333326,0.9204163804153105,OnTrack,-7065.927360794353,-8971.70937351502,503.8376402487172
2025-05-25 14:43:39.597,0 days 02:36:39.211000,,,0 days 00:01:09.519000,11206.708074666667,183.0249984,4,99.0,False,0,pos,3039.10036123594,0.9216846870259485,OnTrack,-7089.0,-8937.0,504.0
2025-05-25 14:43:39.755,0 days 02:36:39.369000,,,0 days 00:01:09.677000,11526.0,185.0,4,99.0,False,0,car,3047.2516666666666,0.9241567782706475,OnTrack,-7131.222180042314,-8868.205597309143,503.99902795276887
2025-05-25 14:43:39.778,0 days 02:36:39.392000,,,0 days 00:01:09.700000,11457.8630688,186.078116,4,99.0,False,0,pos,3048.476152396942,0.9245281347949241,OnTrack,-7137.0,-8858.0,504.0
2025-05-25 14:43:39.937,0 days 02:36:39.551000,,,0 days 00:01:09.859000,10986.8253792,193.53124400000002,4,99.0,False,0,pos,3057.218345232451,0.9271794277138063,OnTrack,-7176.0,-8782.0,504.0
2025-05-25 14:43:40.075,0 days 02:36:39.689000,,,0 days 00:01:09.997000,10578.0,200.0,5,99.0,False,0,car,3065.029444444444,0.9295483427468084,OnTrack,-7216.915698729163,-8691.026769822836,503.43768566617945
2025-05-25 14:43:40.177,0 days 02:36:39.791000,,,0 days 00:01:10.099000,10723.85981696,203.56999552,5,99.0,False,0,pos,3070.867850335797,0.9313189882231275,OnTrack,-7247.0,-8618.0,503.0
2025-05-25 14:43:40.275,0 days 02:36:39.889000,,,0 days 00:01:10.197000,10864.0,207.0,5,99.0,False,0,car,3076.529444444444,0.9330360110173251,OnTrack,-7272.38592681663,-8550.275211770017,502.80112869207665
2025-05-25 14:43:40.555,0 days 02:36:40.169000,,,0 days 00:01:10.477000,11333.0,212.0,5,99.0,False,0,car,3093.018333333333,0.9380366870689645,OnTrack,-7326.5581614931425,-8383.392710789345,502.9976048563241
2025-05-25 14:43:40.558,0 days 02:36:40.172000,,,0 days 00:01:10.480000,11331.8843512,212.0843768,5,99.0,False,0,pos,3093.198274764926,0.9380912588969226,OnTrack,-7327.0,-8382.0,503.0
2025-05-25 14:43:40.875,0 days 02:36:40.489000,,,0 days 00:01:10.797000,11214.0,221.0,5,99.0,False,0,car,3112.662777777777,0.9439943658151224,OnTrack,-7363.857534758423,-8263.6219152142,503.03607622686883
2025-05-25 14:43:40.898,0 days 02:36:40.512000,,,0 days 00:01:10.820000,11158.84988479992,221.82436644544214,5,99.0,False,0,pos,3114.1130679585535,0.9444342032974298,OnTrack,-7367.0,-8253.0,503.0
2025-05-25 14:43:41.154,0 days 02:36:40.768000,,,0 days 00:01:11.076000,10545.0,231.0,6,99.0,False,0,car,3130.565277777777,0.9494237554858115,OnTrack,-7411.04042130814,-8099.672003257562,502.2210590908586
2025-05-25 14:43:41.258,0 days 02:36:40.872000,,,0 days 00:01:11.180000,10697.75,234.25,6,99.0,False,0,pos,3137.35640198811,0.9514833370883783,OnTrack,-7430.0,-8032.0,502.0
2025-05-25 14:43:41.314,0 days 02:36:40.928000,,,0 days 00:01:11.236000,10780.0,236.0,6,99.0,False,0,car,3141.0541666666663,0.9526047785267467,OnTrack,-7439.918722329037,-7996.202701941401,501.9472605336291
2025-05-25 14:43:41.478,0 days 02:36:41.092000,,,0 days 00:01:11.400000,10913.66020864,238.87000448,6,99.0,False,0,pos,3152.096892791372,0.9559537668332809,OnTrack,-7468.0,-7893.0,502.0
2025-05-25 14:43:42.514,0 days 02:36:42.128000,,,0 days 00:01:12.436000,11758.0,257.0,6,99.0,False,0,car,3226.7208333333333,0.9785853798462479,OnTrack,-7616.049474571348,-7192.746534666634,503.2409559149832
2025-05-25 14:43:42.578,0 days 02:36:42.192000,,,0 days 00:01:12.500000,11572.8,257.6,6,99.0,False,0,pos,3231.341509806237,0.9799867178221495,OnTrack,-7622.0,-7140.0,503.0
2025-05-25 14:43:42.798,0 days 02:36:42.412000,,,0 days 00:01:12.720000,10936.1742592,259.6625024,6,99.0,False,0,pos,3247.216436274968,0.9848011941127391,OnTrack,-7639.0,-6954.0,502.0
2025-05-25 14:43:42.834,0 days 02:36:42.448000,,,0 days 00:01:12.756000,10832.0,260.0,6,99.0,False,0,car,3249.8319444444437,0.9855944136652571,OnTrack,-7641.295633194615,-6925.8563370099,501.9315869766582
2025-05-25 14:43:43.038,0 days 02:36:42.652000,,,0 days 00:01:12.960000,10723.199863466667,262.8333368888889,6,99.0,False,0,pos,3264.7758145588336,0.9901265233727947,OnTrack,-7652.0,-6779.0,502.0
2025-05-25 14:43:43.177,0 days 02:36:42.791000,,,0 days 00:01:13.099000,10649.066632533333,264.76388977777776,6,99.0,False,0,pos,3275.0676276435593,0.9932477781503325,OnTrack,-7658.0,-6676.0,502.0
2025-05-25 14:43:43.194,0 days 02:36:42.808000,,,0 days 00:01:13.116000,10640.0,265.0,7,99.0,False,0,car,3276.3319444444437,0.9936312144625348,OnTrack,-7658.845501963415,-6661.435773263477,502.0199805385711
2025-05-25 14:43:43.299,0 days 02:36:42.913000,,,0 days 00:01:13.221000,10705.62512,266.8750034285714,7,97.49999725714287,False,0,interpolation,3284.168089161025,0.9960077251835082,OnTrack,-7664.892671763839,-6559.264124634896,502.28422724296433
